id,machine_state
100000,1
100001,1
100002,1
100003,1
100004,1
100005,1
100006,1
100007,1
100008,1
100009,1
100010,1
100011,1
100012,1
100013,1
100014,1
100015,1
100016,1
100017,1
100018,1
100019,1
100020,1
100021,1
100022,1
100023,1
100024,1
100025,1
100026,1
100027,1
100028,1
100029,1
100030,1
100031,1
100032,1
100033,1
100034,1
100035,1
100036,1
100037,1
100038,1
100039,1
100040,1
100041,1
100042,1
100043,1
100044,1
100045,1
100046,1
100047,1
100048,1
100049,1
100050,1
100051,1
100052,1
100053,1
100054,1
100055,1
100056,1
100057,1
100058,1
100059,1
100060,1
100061,1
100062,1
100063,1
100064,1
100065,1
100066,1
100067,1
100068,1
100069,1
100070,1
100071,1
100072,1
100073,1
100074,1
100075,1
100076,1
100077,1
100078,1
100079,1
100080,1
100081,1
100082,1
100083,1
100084,1
100085,1
100086,1
100087,1
100088,1
100089,1
100090,1
100091,1
100092,1
100093,1
100094,1
100095,1
100096,1
100097,1
100098,1
100099,1
100100,1
100101,1
100102,1
100103,1
100104,1
100105,1
100106,1
100107,1
100108,1
100109,1
100110,1
100111,1
100112,1
100113,1
100114,1
100115,1
100116,1
100117,1
100118,1
100119,1
100120,1
100121,1
100122,1
100123,1
100124,1
100125,1
100126,1
100127,1
100128,1
100129,1
100130,1
100131,1
100132,1
100133,1
100134,1
100135,1
100136,1
100137,1
100138,1
100139,1
100140,1
100141,1
100142,1
100143,1
100144,1
100145,1
100146,1
100147,1
100148,1
100149,1
100150,1
100151,1
100152,1
100153,1
100154,1
100155,1
100156,1
100157,1
100158,1
100159,1
100160,1
100161,1
100162,1
100163,1
100164,1
100165,1
100166,1
100167,1
100168,1
100169,1
100170,1
100171,1
100172,1
100173,1
100174,1
100175,1
100176,1
100177,1
100178,1
100179,1
100180,1
100181,1
100182,1
100183,1
100184,1
100185,1
100186,1
100187,1
100188,1
100189,1
100190,1
100191,1
100192,1
100193,1
100194,1
100195,1
100196,1
100197,1
100198,1
100199,1
100200,1
100201,1
100202,1
100203,1
100204,1
100205,1
100206,1
100207,1
100208,1
100209,1
100210,1
100211,1
100212,1
100213,1
100214,1
100215,1
100216,1
100217,1
100218,1
100219,1
100220,1
100221,1
100222,1
100223,1
100224,1
100225,1
100226,1
100227,1
100228,1
100229,1
100230,1
100231,1
100232,1
100233,1
100234,1
100235,1
100236,1
100237,1
100238,1
100239,1
100240,1
100241,1
100242,1
100243,1
100244,1
100245,1
100246,1
100247,1
100248,1
100249,1
100250,1
100251,1
100252,1
100253,1
100254,1
100255,1
100256,1
100257,1
100258,1
100259,1
100260,1
100261,1
100262,1
100263,1
100264,1
100265,1
100266,1
100267,1
100268,1
100269,1
100270,1
100271,1
100272,1
100273,1
100274,1
100275,1
100276,1
100277,1
100278,1
100279,1
100280,1
100281,1
100282,1
100283,1
100284,1
100285,1
100286,1
100287,1
100288,1
100289,1
100290,1
100291,1
100292,1
100293,1
100294,1
100295,1
100296,1
100297,1
100298,1
100299,1
100300,1
100301,1
100302,1
100303,1
100304,1
100305,1
100306,1
100307,1
100308,1
100309,1
100310,1
100311,1
100312,1
100313,1
100314,1
100315,1
100316,1
100317,1
100318,1
100319,1
100320,1
100321,1
100322,1
100323,1
100324,1
100325,1
100326,1
100327,1
100328,1
100329,1
100330,1
100331,1
100332,1
100333,1
100334,1
100335,1
100336,1
100337,1
100338,1
100339,1
100340,1
100341,1
100342,1
100343,1
100344,1
100345,1
100346,1
100347,1
100348,1
100349,1
100350,1
100351,1
100352,1
100353,1
100354,1
100355,1
100356,1
100357,1
100358,1
100359,1
100360,1
100361,1
100362,1
100363,1
100364,1
100365,1
100366,1
100367,1
100368,1
100369,1
100370,1
100371,1
100372,1
100373,1
100374,1
100375,1
100376,1
100377,1
100378,1
100379,1
100380,1
100381,1
100382,1
100383,1
100384,1
100385,1
100386,1
100387,1
100388,1
100389,1
100390,1
100391,1
100392,1
100393,1
100394,1
100395,1
100396,1
100397,1
100398,1
100399,1
100400,1
100401,1
100402,1
100403,1
100404,1
100405,1
100406,1
100407,1
100408,1
100409,1
100410,1
100411,1
100412,1
100413,1
100414,1
100415,1
100416,1
100417,1
100418,1
100419,1
100420,1
100421,1
100422,1
100423,1
100424,1
100425,1
100426,1
100427,1
100428,1
100429,1
100430,1
100431,1
100432,1
100433,1
100434,1
100435,1
100436,1
100437,1
100438,1
100439,1
100440,1
100441,1
100442,1
100443,1
100444,1
100445,1
100446,1
100447,1
100448,1
100449,1
100450,1
100451,1
100452,1
100453,1
100454,1
100455,1
100456,1
100457,1
100458,1
100459,1
100460,1
100461,1
100462,1
100463,1
100464,1
100465,1
100466,1
100467,1
100468,1
100469,1
100470,1
100471,1
100472,1
100473,1
100474,1
100475,1
100476,1
100477,1
100478,1
100479,1
100480,1
100481,1
100482,1
100483,1
100484,1
100485,1
100486,1
100487,1
100488,1
100489,1
100490,1
100491,1
100492,1
100493,1
100494,1
100495,1
100496,1
100497,1
100498,1
100499,1
100500,1
100501,1
100502,1
100503,1
100504,1
100505,1
100506,1
100507,1
100508,1
100509,1
100510,1
100511,1
100512,1
100513,1
100514,1
100515,1
100516,1
100517,1
100518,1
100519,1
100520,1
100521,1
100522,1
100523,1
100524,1
100525,1
100526,1
100527,1
100528,1
100529,1
100530,1
100531,1
100532,1
100533,1
100534,1
100535,1
100536,1
100537,1
100538,1
100539,1
100540,1
100541,1
100542,1
100543,1
100544,1
100545,1
100546,1
100547,1
100548,1
100549,1
100550,1
100551,1
100552,1
100553,1
100554,1
100555,1
100556,1
100557,1
100558,1
100559,1
100560,1
100561,1
100562,1
100563,1
100564,1
100565,1
100566,1
100567,1
100568,1
100569,1
100570,1
100571,1
100572,1
100573,1
100574,1
100575,1
100576,1
100577,1
100578,1
100579,1
100580,1
100581,1
100582,1
100583,1
100584,1
100585,1
100586,1
100587,1
100588,1
100589,1
100590,1
100591,1
100592,1
100593,1
100594,1
100595,1
100596,1
100597,1
100598,1
100599,1
100600,1
100601,1
100602,1
100603,1
100604,1
100605,1
100606,1
100607,1
100608,1
100609,1
100610,1
100611,1
100612,1
100613,1
100614,1
100615,1
100616,1
100617,1
100618,1
100619,1
100620,1
100621,1
100622,1
100623,1
100624,1
100625,1
100626,1
100627,1
100628,1
100629,1
100630,1
100631,1
100632,1
100633,1
100634,1
100635,1
100636,1
100637,1
100638,1
100639,1
100640,1
100641,1
100642,1
100643,1
100644,1
100645,1
100646,1
100647,1
100648,1
100649,1
100650,1
100651,1
100652,1
100653,1
100654,1
100655,1
100656,1
100657,1
100658,1
100659,1
100660,1
100661,1
100662,1
100663,1
100664,1
100665,1
100666,1
100667,1
100668,1
100669,1
100670,1
100671,1
100672,1
100673,1
100674,1
100675,1
100676,1
100677,1
100678,1
100679,1
100680,1
100681,1
100682,1
100683,1
100684,1
100685,1
100686,1
100687,1
100688,1
100689,1
100690,1
100691,1
100692,1
100693,1
100694,1
100695,1
100696,1
100697,1
100698,1
100699,1
100700,1
100701,1
100702,1
100703,1
100704,1
100705,1
100706,1
100707,1
100708,1
100709,1
100710,1
100711,1
100712,1
100713,1
100714,1
100715,1
100716,1
100717,1
100718,1
100719,1
100720,1
100721,1
100722,1
100723,1
100724,1
100725,1
100726,1
100727,1
100728,1
100729,1
100730,1
100731,1
100732,1
100733,1
100734,1
100735,1
100736,1
100737,1
100738,1
100739,1
100740,1
100741,1
100742,1
100743,1
100744,1
100745,1
100746,1
100747,1
100748,1
100749,1
100750,1
100751,1
100752,1
100753,1
100754,1
100755,1
100756,1
100757,1
100758,1
100759,1
100760,1
100761,1
100762,1
100763,1
100764,1
100765,1
100766,1
100767,1
100768,1
100769,1
100770,1
100771,1
100772,1
100773,1
100774,1
100775,1
100776,1
100777,1
100778,1
100779,1
100780,1
100781,1
100782,1
100783,1
100784,1
100785,1
100786,1
100787,1
100788,1
100789,1
100790,1
100791,1
100792,1
100793,1
100794,1
100795,1
100796,1
100797,1
100798,1
100799,1
100800,1
100801,1
100802,1
100803,1
100804,1
100805,1
100806,1
100807,1
100808,1
100809,1
100810,1
100811,1
100812,1
100813,1
100814,1
100815,1
100816,1
100817,1
100818,1
100819,1
100820,1
100821,1
100822,1
100823,1
100824,1
100825,1
100826,1
100827,1
100828,1
100829,1
100830,1
100831,1
100832,1
100833,1
100834,1
100835,1
100836,1
100837,1
100838,1
100839,1
100840,1
100841,1
100842,1
100843,1
100844,1
100845,1
100846,1
100847,1
100848,1
100849,1
100850,1
100851,1
100852,1
100853,1
100854,1
100855,1
100856,1
100857,1
100858,1
100859,1
100860,1
100861,1
100862,1
100863,1
100864,1
100865,1
100866,1
100867,1
100868,1
100869,1
100870,1
100871,1
100872,1
100873,1
100874,1
100875,1
100876,1
100877,1
100878,1
100879,1
100880,1
100881,1
100882,1
100883,1
100884,1
100885,1
100886,1
100887,1
100888,1
100889,1
100890,1
100891,1
100892,1
100893,1
100894,1
100895,1
100896,1
100897,1
100898,1
100899,1
100900,1
100901,1
100902,1
100903,1
100904,1
100905,1
100906,1
100907,1
100908,1
100909,1
100910,1
100911,1
100912,1
100913,1
100914,1
100915,1
100916,1
100917,1
100918,1
100919,1
100920,1
100921,1
100922,1
100923,1
100924,1
100925,1
100926,1
100927,1
100928,1
100929,1
100930,1
100931,1
100932,1
100933,1
100934,1
100935,1
100936,1
100937,1
100938,1
100939,1
100940,1
100941,1
100942,1
100943,1
100944,1
100945,1
100946,1
100947,1
100948,1
100949,1
100950,1
100951,1
100952,1
100953,1
100954,1
100955,1
100956,1
100957,1
100958,1
100959,1
100960,1
100961,1
100962,1
100963,1
100964,1
100965,1
100966,1
100967,1
100968,1
100969,1
100970,1
100971,1
100972,1
100973,1
100974,1
100975,1
100976,1
100977,1
100978,1
100979,1
100980,1
100981,1
100982,1
100983,1
100984,1
100985,1
100986,1
100987,1
100988,1
100989,1
100990,1
100991,1
100992,1
100993,1
100994,1
100995,1
100996,1
100997,1
100998,1
100999,1
101000,1
101001,1
101002,1
101003,1
101004,1
101005,1
101006,1
101007,1
101008,1
101009,1
101010,1
101011,1
101012,1
101013,1
101014,1
101015,1
101016,1
101017,1
101018,1
101019,1
101020,1
101021,1
101022,1
101023,1
101024,1
101025,1
101026,1
101027,1
101028,1
101029,1
101030,1
101031,1
101032,1
101033,1
101034,1
101035,1
101036,1
101037,1
101038,1
101039,1
101040,1
101041,1
101042,1
101043,1
101044,1
101045,1
101046,1
101047,1
101048,1
101049,1
101050,1
101051,1
101052,1
101053,1
101054,1
101055,1
101056,1
101057,1
101058,1
101059,1
101060,1
101061,1
101062,1
101063,1
101064,1
101065,1
101066,1
101067,1
101068,1
101069,1
101070,1
101071,1
101072,1
101073,1
101074,1
101075,1
101076,1
101077,1
101078,1
101079,1
101080,1
101081,1
101082,1
101083,1
101084,1
101085,1
101086,1
101087,1
101088,1
101089,1
101090,1
101091,1
101092,1
101093,1
101094,1
101095,1
101096,1
101097,1
101098,1
101099,1
101100,1
101101,1
101102,1
101103,1
101104,1
101105,1
101106,1
101107,1
101108,1
101109,1
101110,1
101111,1
101112,1
101113,1
101114,1
101115,1
101116,1
101117,1
101118,1
101119,1
101120,1
101121,1
101122,1
101123,1
101124,1
101125,1
101126,1
101127,1
101128,1
101129,1
101130,1
101131,1
101132,1
101133,1
101134,1
101135,1
101136,1
101137,1
101138,1
101139,1
101140,1
101141,1
101142,1
101143,1
101144,1
101145,1
101146,1
101147,1
101148,1
101149,1
101150,1
101151,1
101152,1
101153,1
101154,1
101155,1
101156,1
101157,1
101158,1
101159,1
101160,1
101161,1
101162,1
101163,1
101164,1
101165,1
101166,1
101167,1
101168,1
101169,1
101170,1
101171,1
101172,1
101173,1
101174,1
101175,1
101176,1
101177,1
101178,1
101179,1
101180,1
101181,1
101182,1
101183,1
101184,1
101185,1
101186,1
101187,1
101188,1
101189,1
101190,1
101191,1
101192,1
101193,1
101194,1
101195,1
101196,1
101197,1
101198,1
101199,1
101200,1
101201,1
101202,1
101203,1
101204,1
101205,1
101206,1
101207,1
101208,1
101209,1
101210,1
101211,1
101212,1
101213,1
101214,1
101215,1
101216,1
101217,1
101218,1
101219,1
101220,1
101221,1
101222,1
101223,1
101224,1
101225,1
101226,1
101227,1
101228,1
101229,1
101230,1
101231,1
101232,1
101233,1
101234,1
101235,1
101236,1
101237,1
101238,1
101239,1
101240,1
101241,1
101242,1
101243,1
101244,1
101245,1
101246,1
101247,1
101248,1
101249,1
101250,1
101251,1
101252,1
101253,1
101254,1
101255,1
101256,1
101257,1
101258,1
101259,1
101260,1
101261,1
101262,1
101263,1
101264,1
101265,1
101266,1
101267,1
101268,1
101269,1
101270,1
101271,1
101272,1
101273,1
101274,1
101275,1
101276,1
101277,1
101278,1
101279,1
101280,1
101281,1
101282,1
101283,1
101284,1
101285,1
101286,1
101287,1
101288,1
101289,1
101290,1
101291,1
101292,1
101293,1
101294,1
101295,1
101296,1
101297,1
101298,1
101299,1
101300,1
101301,1
101302,1
101303,1
101304,1
101305,1
101306,1
101307,1
101308,1
101309,1
101310,1
101311,1
101312,1
101313,1
101314,1
101315,1
101316,1
101317,1
101318,1
101319,1
101320,1
101321,1
101322,1
101323,1
101324,1
101325,1
101326,1
101327,1
101328,1
101329,1
101330,1
101331,1
101332,1
101333,1
101334,1
101335,1
101336,1
101337,1
101338,1
101339,1
101340,1
101341,1
101342,1
101343,1
101344,1
101345,1
101346,1
101347,1
101348,1
101349,1
101350,1
101351,1
101352,1
101353,1
101354,1
101355,1
101356,1
101357,1
101358,1
101359,1
101360,1
101361,1
101362,1
101363,1
101364,1
101365,1
101366,1
101367,1
101368,1
101369,1
101370,1
101371,1
101372,1
101373,1
101374,1
101375,1
101376,1
101377,1
101378,1
101379,1
101380,1
101381,1
101382,1
101383,1
101384,1
101385,1
101386,1
101387,1
101388,1
101389,1
101390,1
101391,1
101392,1
101393,1
101394,1
101395,1
101396,1
101397,1
101398,1
101399,1
101400,1
101401,1
101402,1
101403,1
101404,1
101405,1
101406,1
101407,1
101408,1
101409,1
101410,1
101411,1
101412,1
101413,1
101414,1
101415,1
101416,1
101417,1
101418,1
101419,1
101420,1
101421,1
101422,1
101423,1
101424,1
101425,1
101426,1
101427,1
101428,1
101429,1
101430,1
101431,1
101432,1
101433,1
101434,1
101435,1
101436,1
101437,1
101438,1
101439,1
101440,1
101441,1
101442,1
101443,1
101444,1
101445,1
101446,1
101447,1
101448,1
101449,1
101450,1
101451,1
101452,1
101453,1
101454,1
101455,1
101456,1
101457,1
101458,1
101459,1
101460,1
101461,1
101462,1
101463,1
101464,1
101465,1
101466,1
101467,1
101468,1
101469,1
101470,1
101471,1
101472,1
101473,1
101474,1
101475,1
101476,1
101477,1
101478,1
101479,1
101480,1
101481,1
101482,1
101483,1
101484,1
101485,1
101486,1
101487,1
101488,1
101489,1
101490,1
101491,1
101492,1
101493,1
101494,1
101495,1
101496,1
101497,1
101498,1
101499,1
101500,1
101501,1
101502,1
101503,1
101504,1
101505,1
101506,1
101507,1
101508,1
101509,1
101510,1
101511,1
101512,1
101513,1
101514,1
101515,1
101516,1
101517,1
101518,1
101519,1
101520,1
101521,1
101522,1
101523,1
101524,1
101525,1
101526,1
101527,1
101528,1
101529,1
101530,1
101531,1
101532,1
101533,1
101534,1
101535,1
101536,1
101537,1
101538,1
101539,1
101540,1
101541,1
101542,1
101543,1
101544,1
101545,1
101546,1
101547,1
101548,1
101549,1
101550,1
101551,1
101552,1
101553,1
101554,1
101555,1
101556,1
101557,1
101558,1
101559,1
101560,1
101561,1
101562,1
101563,1
101564,1
101565,1
101566,1
101567,1
101568,1
101569,1
101570,1
101571,1
101572,1
101573,1
101574,1
101575,1
101576,1
101577,1
101578,1
101579,1
101580,1
101581,1
101582,1
101583,1
101584,1
101585,1
101586,1
101587,1
101588,1
101589,1
101590,1
101591,1
101592,1
101593,1
101594,1
101595,1
101596,1
101597,1
101598,1
101599,1
101600,1
101601,1
101602,1
101603,1
101604,1
101605,1
101606,1
101607,1
101608,1
101609,1
101610,1
101611,1
101612,1
101613,1
101614,1
101615,1
101616,1
101617,1
101618,1
101619,1
101620,1
101621,1
101622,1
101623,1
101624,1
101625,1
101626,1
101627,1
101628,1
101629,1
101630,1
101631,1
101632,1
101633,1
101634,1
101635,1
101636,1
101637,1
101638,1
101639,1
101640,1
101641,1
101642,1
101643,1
101644,1
101645,1
101646,1
101647,1
101648,1
101649,1
101650,1
101651,1
101652,1
101653,1
101654,1
101655,1
101656,1
101657,1
101658,1
101659,1
101660,1
101661,1
101662,1
101663,1
101664,1
101665,1
101666,1
101667,1
101668,1
101669,1
101670,1
101671,1
101672,1
101673,1
101674,1
101675,1
101676,1
101677,1
101678,1
101679,1
101680,1
101681,1
101682,1
101683,1
101684,1
101685,1
101686,1
101687,1
101688,1
101689,1
101690,1
101691,1
101692,1
101693,1
101694,1
101695,1
101696,1
101697,1
101698,1
101699,1
101700,1
101701,1
101702,1
101703,1
101704,1
101705,1
101706,1
101707,1
101708,1
101709,1
101710,1
101711,1
101712,1
101713,1
101714,1
101715,1
101716,1
101717,1
101718,1
101719,1
101720,1
101721,1
101722,1
101723,1
101724,1
101725,1
101726,1
101727,1
101728,1
101729,1
101730,1
101731,1
101732,1
101733,1
101734,1
101735,1
101736,1
101737,1
101738,1
101739,1
101740,1
101741,1
101742,1
101743,1
101744,1
101745,1
101746,1
101747,1
101748,1
101749,1
101750,1
101751,1
101752,1
101753,1
101754,1
101755,1
101756,1
101757,1
101758,1
101759,1
101760,1
101761,1
101762,1
101763,1
101764,1
101765,1
101766,1
101767,1
101768,1
101769,1
101770,1
101771,1
101772,1
101773,1
101774,1
101775,1
101776,1
101777,1
101778,1
101779,1
101780,1
101781,1
101782,1
101783,1
101784,1
101785,1
101786,1
101787,1
101788,1
101789,1
101790,1
101791,1
101792,1
101793,1
101794,1
101795,1
101796,1
101797,1
101798,1
101799,1
101800,1
101801,1
101802,1
101803,1
101804,1
101805,1
101806,1
101807,1
101808,1
101809,1
101810,1
101811,1
101812,1
101813,1
101814,1
101815,1
101816,1
101817,1
101818,1
101819,1
101820,1
101821,1
101822,1
101823,1
101824,1
101825,1
101826,1
101827,1
101828,1
101829,1
101830,1
101831,1
101832,1
101833,1
101834,1
101835,1
101836,1
101837,1
101838,1
101839,1
101840,1
101841,1
101842,1
101843,1
101844,1
101845,1
101846,1
101847,1
101848,1
101849,1
101850,1
101851,1
101852,1
101853,1
101854,1
101855,1
101856,1
101857,1
101858,1
101859,1
101860,1
101861,1
101862,1
101863,1
101864,1
101865,1
101866,1
101867,1
101868,1
101869,1
101870,1
101871,1
101872,1
101873,1
101874,1
101875,1
101876,1
101877,1
101878,1
101879,1
101880,1
101881,1
101882,1
101883,1
101884,1
101885,1
101886,1
101887,1
101888,1
101889,1
101890,1
101891,1
101892,1
101893,1
101894,1
101895,1
101896,1
101897,1
101898,1
101899,1
101900,1
101901,1
101902,1
101903,1
101904,1
101905,1
101906,1
101907,1
101908,1
101909,1
101910,1
101911,1
101912,1
101913,1
101914,1
101915,1
101916,1
101917,1
101918,1
101919,1
101920,1
101921,1
101922,1
101923,1
101924,1
101925,1
101926,1
101927,1
101928,1
101929,1
101930,1
101931,1
101932,1
101933,1
101934,1
101935,1
101936,1
101937,1
101938,1
101939,1
101940,1
101941,1
101942,1
101943,1
101944,1
101945,1
101946,1
101947,1
101948,1
101949,1
101950,1
101951,1
101952,1
101953,1
101954,1
101955,1
101956,1
101957,1
101958,1
101959,1
101960,1
101961,1
101962,1
101963,1
101964,1
101965,1
101966,1
101967,1
101968,1
101969,1
101970,1
101971,1
101972,1
101973,1
101974,1
101975,1
101976,1
101977,1
101978,1
101979,1
101980,1
101981,1
101982,1
101983,1
101984,1
101985,1
101986,1
101987,1
101988,1
101989,1
101990,1
101991,1
101992,1
101993,1
101994,1
101995,1
101996,1
101997,1
101998,1
101999,1
102000,1
102001,1
102002,1
102003,1
102004,1
102005,1
102006,1
102007,1
102008,1
102009,1
102010,1
102011,1
102012,1
102013,1
102014,1
102015,1
102016,1
102017,1
102018,1
102019,1
102020,1
102021,1
102022,1
102023,1
102024,1
102025,1
102026,1
102027,1
102028,1
102029,1
102030,1
102031,1
102032,1
102033,1
102034,1
102035,1
102036,1
102037,1
102038,1
102039,1
102040,1
102041,1
102042,1
102043,1
102044,1
102045,1
102046,1
102047,1
102048,1
102049,1
102050,1
102051,1
102052,1
102053,1
102054,1
102055,1
102056,1
102057,1
102058,1
102059,1
102060,1
102061,1
102062,1
102063,1
102064,1
102065,1
102066,1
102067,1
102068,1
102069,1
102070,1
102071,1
102072,1
102073,1
102074,1
102075,1
102076,1
102077,1
102078,1
102079,1
102080,1
102081,1
102082,1
102083,1
102084,1
102085,1
102086,1
102087,1
102088,1
102089,1
102090,1
102091,1
102092,1
102093,1
102094,1
102095,1
102096,1
102097,1
102098,1
102099,1
102100,1
102101,1
102102,1
102103,1
102104,1
102105,1
102106,1
102107,1
102108,1
102109,1
102110,1
102111,1
102112,1
102113,1
102114,1
102115,1
102116,1
102117,1
102118,1
102119,1
102120,1
102121,1
102122,1
102123,1
102124,1
102125,1
102126,1
102127,1
102128,1
102129,1
102130,1
102131,1
102132,1
102133,1
102134,1
102135,1
102136,1
102137,1
102138,1
102139,1
102140,1
102141,1
102142,1
102143,1
102144,1
102145,1
102146,1
102147,1
102148,1
102149,1
102150,1
102151,1
102152,1
102153,1
102154,1
102155,1
102156,1
102157,1
102158,1
102159,1
102160,1
102161,1
102162,1
102163,1
102164,1
102165,1
102166,1
102167,1
102168,1
102169,1
102170,1
102171,1
102172,1
102173,1
102174,1
102175,1
102176,1
102177,1
102178,1
102179,1
102180,1
102181,1
102182,1
102183,1
102184,1
102185,1
102186,1
102187,1
102188,1
102189,1
102190,1
102191,1
102192,1
102193,1
102194,1
102195,1
102196,1
102197,1
102198,1
102199,1
102200,1
102201,1
102202,1
102203,1
102204,1
102205,1
102206,1
102207,1
102208,1
102209,1
102210,1
102211,1
102212,1
102213,1
102214,1
102215,1
102216,1
102217,1
102218,1
102219,1
102220,1
102221,1
102222,1
102223,1
102224,1
102225,1
102226,1
102227,1
102228,1
102229,1
102230,1
102231,1
102232,1
102233,1
102234,1
102235,1
102236,1
102237,1
102238,1
102239,1
102240,1
102241,1
102242,1
102243,1
102244,1
102245,1
102246,1
102247,1
102248,1
102249,1
102250,1
102251,1
102252,1
102253,1
102254,1
102255,1
102256,1
102257,1
102258,1
102259,1
102260,1
102261,1
102262,1
102263,1
102264,1
102265,1
102266,1
102267,1
102268,1
102269,1
102270,1
102271,1
102272,1
102273,1
102274,1
102275,1
102276,1
102277,1
102278,1
102279,1
102280,1
102281,1
102282,1
102283,1
102284,1
102285,1
102286,1
102287,1
102288,1
102289,1
102290,1
102291,1
102292,1
102293,1
102294,1
102295,1
102296,1
102297,1
102298,1
102299,1
102300,1
102301,1
102302,1
102303,1
102304,1
102305,1
102306,1
102307,1
102308,1
102309,1
102310,1
102311,1
102312,1
102313,1
102314,1
102315,1
102316,1
102317,1
102318,1
102319,1
102320,1
102321,1
102322,1
102323,1
102324,1
102325,1
102326,1
102327,1
102328,1
102329,1
102330,1
102331,1
102332,1
102333,1
102334,1
102335,1
102336,1
102337,1
102338,1
102339,1
102340,1
102341,1
102342,1
102343,1
102344,1
102345,1
102346,1
102347,1
102348,1
102349,1
102350,1
102351,1
102352,1
102353,1
102354,1
102355,1
102356,1
102357,1
102358,1
102359,1
102360,1
102361,1
102362,1
102363,1
102364,1
102365,1
102366,1
102367,1
102368,1
102369,1
102370,1
102371,1
102372,1
102373,1
102374,1
102375,1
102376,1
102377,1
102378,1
102379,1
102380,1
102381,1
102382,1
102383,1
102384,1
102385,1
102386,1
102387,1
102388,1
102389,1
102390,1
102391,1
102392,1
102393,1
102394,1
102395,1
102396,1
102397,1
102398,1
102399,1
102400,1
102401,1
102402,1
102403,1
102404,1
102405,1
102406,1
102407,1
102408,1
102409,1
102410,1
102411,1
102412,1
102413,1
102414,1
102415,1
102416,1
102417,1
102418,1
102419,1
102420,1
102421,1
102422,1
102423,1
102424,1
102425,1
102426,1
102427,1
102428,1
102429,1
102430,1
102431,1
102432,1
102433,1
102434,1
102435,1
102436,1
102437,1
102438,1
102439,1
102440,1
102441,1
102442,1
102443,1
102444,1
102445,1
102446,1
102447,1
102448,1
102449,1
102450,1
102451,1
102452,1
102453,1
102454,1
102455,1
102456,1
102457,1
102458,1
102459,1
102460,1
102461,1
102462,1
102463,1
102464,1
102465,1
102466,1
102467,1
102468,1
102469,1
102470,1
102471,1
102472,1
102473,1
102474,1
102475,1
102476,1
102477,1
102478,1
102479,1
102480,1
102481,1
102482,1
102483,1
102484,1
102485,1
102486,1
102487,1
102488,1
102489,1
102490,1
102491,1
102492,1
102493,1
102494,1
102495,1
102496,1
102497,1
102498,1
102499,1
102500,1
102501,1
102502,1
102503,1
102504,1
102505,1
102506,1
102507,1
102508,1
102509,1
102510,1
102511,1
102512,1
102513,1
102514,1
102515,1
102516,1
102517,1
102518,1
102519,1
102520,1
102521,1
102522,1
102523,1
102524,1
102525,1
102526,1
102527,1
102528,1
102529,1
102530,1
102531,1
102532,1
102533,1
102534,1
102535,1
102536,1
102537,1
102538,1
102539,1
102540,1
102541,1
102542,1
102543,1
102544,1
102545,1
102546,1
102547,1
102548,1
102549,1
102550,1
102551,1
102552,1
102553,1
102554,1
102555,1
102556,1
102557,1
102558,1
102559,1
102560,1
102561,1
102562,1
102563,1
102564,1
102565,1
102566,1
102567,1
102568,1
102569,1
102570,1
102571,1
102572,1
102573,1
102574,1
102575,1
102576,1
102577,1
102578,1
102579,1
102580,1
102581,1
102582,1
102583,1
102584,1
102585,1
102586,1
102587,1
102588,1
102589,1
102590,1
102591,1
102592,1
102593,1
102594,1
102595,1
102596,1
102597,1
102598,1
102599,1
102600,1
102601,1
102602,1
102603,1
102604,1
102605,1
102606,1
102607,1
102608,1
102609,1
102610,1
102611,1
102612,1
102613,1
102614,1
102615,1
102616,1
102617,1
102618,1
102619,1
102620,1
102621,1
102622,1
102623,1
102624,1
102625,1
102626,1
102627,1
102628,1
102629,1
102630,1
102631,1
102632,1
102633,1
102634,1
102635,1
102636,1
102637,1
102638,1
102639,1
102640,1
102641,1
102642,1
102643,1
102644,1
102645,1
102646,1
102647,1
102648,1
102649,1
102650,1
102651,1
102652,1
102653,1
102654,1
102655,1
102656,1
102657,1
102658,1
102659,1
102660,1
102661,1
102662,1
102663,1
102664,1
102665,1
102666,1
102667,1
102668,1
102669,1
102670,1
102671,1
102672,1
102673,1
102674,1
102675,1
102676,1
102677,1
102678,1
102679,1
102680,1
102681,1
102682,1
102683,1
102684,1
102685,1
102686,1
102687,1
102688,1
102689,1
102690,1
102691,1
102692,1
102693,1
102694,1
102695,1
102696,1
102697,1
102698,1
102699,1
102700,1
102701,1
102702,1
102703,1
102704,1
102705,1
102706,1
102707,1
102708,1
102709,1
102710,1
102711,1
102712,1
102713,1
102714,1
102715,1
102716,1
102717,1
102718,1
102719,1
102720,1
102721,1
102722,1
102723,1
102724,1
102725,1
102726,1
102727,1
102728,1
102729,1
102730,1
102731,1
102732,1
102733,1
102734,1
102735,1
102736,1
102737,1
102738,1
102739,1
102740,1
102741,1
102742,1
102743,1
102744,1
102745,1
102746,1
102747,1
102748,1
102749,1
102750,1
102751,1
102752,1
102753,1
102754,1
102755,1
102756,1
102757,1
102758,1
102759,1
102760,1
102761,1
102762,1
102763,1
102764,1
102765,1
102766,1
102767,1
102768,1
102769,1
102770,1
102771,1
102772,1
102773,1
102774,1
102775,1
102776,1
102777,1
102778,1
102779,1
102780,1
102781,1
102782,1
102783,1
102784,1
102785,1
102786,1
102787,1
102788,1
102789,1
102790,1
102791,1
102792,1
102793,1
102794,1
102795,1
102796,1
102797,1
102798,1
102799,1
102800,1
102801,1
102802,1
102803,1
102804,1
102805,1
102806,1
102807,1
102808,1
102809,1
102810,1
102811,1
102812,1
102813,1
102814,1
102815,1
102816,1
102817,1
102818,1
102819,1
102820,1
102821,1
102822,1
102823,1
102824,1
102825,1
102826,1
102827,1
102828,1
102829,1
102830,1
102831,1
102832,1
102833,1
102834,1
102835,1
102836,1
102837,1
102838,1
102839,1
102840,1
102841,1
102842,1
102843,1
102844,1
102845,1
102846,1
102847,1
102848,1
102849,1
102850,1
102851,1
102852,1
102853,1
102854,1
102855,1
102856,1
102857,1
102858,1
102859,1
102860,1
102861,1
102862,1
102863,1
102864,1
102865,1
102866,1
102867,1
102868,1
102869,1
102870,1
102871,1
102872,1
102873,1
102874,1
102875,1
102876,1
102877,1
102878,1
102879,1
102880,1
102881,1
102882,1
102883,1
102884,1
102885,1
102886,1
102887,1
102888,1
102889,1
102890,1
102891,1
102892,1
102893,1
102894,1
102895,1
102896,1
102897,1
102898,1
102899,1
102900,1
102901,1
102902,1
102903,1
102904,1
102905,1
102906,1
102907,1
102908,1
102909,1
102910,1
102911,1
102912,1
102913,1
102914,1
102915,1
102916,1
102917,1
102918,1
102919,1
102920,1
102921,1
102922,1
102923,1
102924,1
102925,1
102926,1
102927,1
102928,1
102929,1
102930,1
102931,1
102932,1
102933,1
102934,1
102935,1
102936,1
102937,1
102938,1
102939,1
102940,1
102941,1
102942,1
102943,1
102944,1
102945,1
102946,1
102947,1
102948,1
102949,1
102950,1
102951,1
102952,1
102953,1
102954,1
102955,1
102956,1
102957,1
102958,1
102959,1
102960,1
102961,1
102962,1
102963,1
102964,1
102965,1
102966,1
102967,1
102968,1
102969,1
102970,1
102971,1
102972,1
102973,1
102974,1
102975,1
102976,1
102977,1
102978,1
102979,1
102980,1
102981,1
102982,1
102983,1
102984,1
102985,1
102986,1
102987,1
102988,1
102989,1
102990,1
102991,1
102992,1
102993,1
102994,1
102995,1
102996,1
102997,1
102998,1
102999,1
103000,1
103001,1
103002,1
103003,1
103004,1
103005,1
103006,1
103007,1
103008,1
103009,1
103010,1
103011,1
103012,1
103013,1
103014,1
103015,1
103016,1
103017,1
103018,1
103019,1
103020,1
103021,1
103022,1
103023,1
103024,1
103025,1
103026,1
103027,1
103028,1
103029,1
103030,1
103031,1
103032,1
103033,1
103034,1
103035,1
103036,1
103037,1
103038,1
103039,1
103040,1
103041,1
103042,1
103043,1
103044,1
103045,1
103046,1
103047,1
103048,1
103049,1
103050,1
103051,1
103052,1
103053,1
103054,1
103055,1
103056,1
103057,1
103058,1
103059,1
103060,1
103061,1
103062,1
103063,1
103064,1
103065,1
103066,1
103067,1
103068,1
103069,1
103070,1
103071,1
103072,1
103073,1
103074,1
103075,1
103076,1
103077,1
103078,1
103079,1
103080,1
103081,1
103082,1
103083,1
103084,1
103085,1
103086,1
103087,1
103088,1
103089,1
103090,1
103091,1
103092,1
103093,1
103094,1
103095,1
103096,1
103097,1
103098,1
103099,1
103100,1
103101,1
103102,1
103103,1
103104,1
103105,1
103106,1
103107,1
103108,1
103109,1
103110,1
103111,1
103112,1
103113,1
103114,1
103115,1
103116,1
103117,1
103118,1
103119,1
103120,1
103121,1
103122,1
103123,1
103124,1
103125,1
103126,1
103127,1
103128,1
103129,1
103130,1
103131,1
103132,1
103133,1
103134,1
103135,1
103136,1
103137,1
103138,1
103139,1
103140,1
103141,1
103142,1
103143,1
103144,1
103145,1
103146,1
103147,1
103148,1
103149,1
103150,1
103151,1
103152,1
103153,1
103154,1
103155,1
103156,1
103157,1
103158,1
103159,1
103160,1
103161,1
103162,1
103163,1
103164,1
103165,1
103166,1
103167,1
103168,1
103169,1
103170,1
103171,1
103172,1
103173,1
103174,1
103175,1
103176,1
103177,1
103178,1
103179,1
103180,1
103181,1
103182,1
103183,1
103184,1
103185,1
103186,1
103187,1
103188,1
103189,1
103190,1
103191,1
103192,1
103193,1
103194,1
103195,1
103196,1
103197,1
103198,1
103199,1
103200,1
103201,1
103202,1
103203,1
103204,1
103205,1
103206,1
103207,1
103208,1
103209,1
103210,1
103211,1
103212,1
103213,1
103214,1
103215,1
103216,1
103217,1
103218,1
103219,1
103220,1
103221,1
103222,1
103223,1
103224,1
103225,1
103226,1
103227,1
103228,1
103229,1
103230,1
103231,1
103232,1
103233,1
103234,1
103235,1
103236,1
103237,1
103238,1
103239,1
103240,1
103241,1
103242,1
103243,1
103244,1
103245,1
103246,1
103247,1
103248,1
103249,1
103250,1
103251,1
103252,1
103253,1
103254,1
103255,1
103256,1
103257,1
103258,1
103259,1
103260,1
103261,1
103262,1
103263,1
103264,1
103265,1
103266,1
103267,1
103268,1
103269,1
103270,1
103271,1
103272,1
103273,1
103274,1
103275,1
103276,1
103277,1
103278,1
103279,1
103280,1
103281,1
103282,1
103283,1
103284,1
103285,1
103286,1
103287,1
103288,1
103289,1
103290,1
103291,1
103292,1
103293,1
103294,1
103295,1
103296,1
103297,1
103298,1
103299,1
103300,1
103301,1
103302,1
103303,1
103304,1
103305,1
103306,1
103307,1
103308,1
103309,1
103310,1
103311,1
103312,1
103313,1
103314,1
103315,1
103316,1
103317,1
103318,1
103319,1
103320,1
103321,1
103322,1
103323,1
103324,1
103325,1
103326,1
103327,1
103328,1
103329,1
103330,1
103331,1
103332,1
103333,1
103334,1
103335,1
103336,1
103337,1
103338,1
103339,1
103340,1
103341,1
103342,1
103343,1
103344,1
103345,1
103346,1
103347,1
103348,1
103349,1
103350,1
103351,1
103352,1
103353,1
103354,1
103355,1
103356,1
103357,1
103358,1
103359,1
103360,1
103361,1
103362,1
103363,1
103364,1
103365,1
103366,1
103367,1
103368,1
103369,1
103370,1
103371,1
103372,1
103373,1
103374,1
103375,1
103376,1
103377,1
103378,1
103379,1
103380,1
103381,1
103382,1
103383,1
103384,1
103385,1
103386,1
103387,1
103388,1
103389,1
103390,1
103391,1
103392,1
103393,1
103394,1
103395,1
103396,1
103397,1
103398,1
103399,1
103400,1
103401,1
103402,1
103403,1
103404,1
103405,1
103406,1
103407,1
103408,1
103409,1
103410,1
103411,1
103412,1
103413,1
103414,1
103415,1
103416,1
103417,1
103418,1
103419,1
103420,1
103421,1
103422,1
103423,1
103424,1
103425,1
103426,1
103427,1
103428,1
103429,1
103430,1
103431,1
103432,1
103433,1
103434,1
103435,1
103436,1
103437,1
103438,1
103439,1
103440,1
103441,1
103442,1
103443,1
103444,1
103445,1
103446,1
103447,1
103448,1
103449,1
103450,1
103451,1
103452,1
103453,1
103454,1
103455,1
103456,1
103457,1
103458,1
103459,1
103460,1
103461,1
103462,1
103463,1
103464,1
103465,1
103466,1
103467,1
103468,1
103469,1
103470,1
103471,1
103472,1
103473,1
103474,1
103475,1
103476,1
103477,1
103478,1
103479,1
103480,1
103481,1
103482,1
103483,1
103484,1
103485,1
103486,1
103487,1
103488,1
103489,1
103490,1
103491,1
103492,1
103493,1
103494,1
103495,1
103496,1
103497,1
103498,1
103499,1
103500,1
103501,1
103502,1
103503,1
103504,1
103505,1
103506,1
103507,1
103508,1
103509,1
103510,1
103511,1
103512,1
103513,1
103514,1
103515,1
103516,1
103517,1
103518,1
103519,1
103520,1
103521,1
103522,1
103523,1
103524,1
103525,1
103526,1
103527,1
103528,1
103529,1
103530,1
103531,1
103532,1
103533,1
103534,1
103535,1
103536,1
103537,1
103538,1
103539,1
103540,1
103541,1
103542,1
103543,1
103544,1
103545,1
103546,1
103547,1
103548,1
103549,1
103550,1
103551,1
103552,1
103553,1
103554,1
103555,1
103556,1
103557,1
103558,1
103559,1
103560,1
103561,1
103562,1
103563,1
103564,1
103565,1
103566,1
103567,1
103568,1
103569,1
103570,1
103571,1
103572,1
103573,1
103574,1
103575,1
103576,1
103577,1
103578,1
103579,1
103580,1
103581,1
103582,1
103583,1
103584,1
103585,1
103586,1
103587,1
103588,1
103589,1
103590,1
103591,1
103592,1
103593,1
103594,1
103595,1
103596,1
103597,1
103598,1
103599,1
103600,1
103601,1
103602,1
103603,1
103604,1
103605,1
103606,1
103607,1
103608,1
103609,1
103610,1
103611,1
103612,1
103613,1
103614,1
103615,1
103616,1
103617,1
103618,1
103619,1
103620,1
103621,1
103622,1
103623,1
103624,1
103625,1
103626,1
103627,1
103628,1
103629,1
103630,1
103631,1
103632,1
103633,1
103634,1
103635,1
103636,1
103637,1
103638,1
103639,1
103640,1
103641,1
103642,1
103643,1
103644,1
103645,1
103646,1
103647,1
103648,1
103649,1
103650,1
103651,1
103652,1
103653,1
103654,1
103655,1
103656,1
103657,1
103658,1
103659,1
103660,1
103661,1
103662,1
103663,1
103664,1
103665,1
103666,1
103667,1
103668,1
103669,1
103670,1
103671,1
103672,1
103673,1
103674,1
103675,1
103676,1
103677,1
103678,1
103679,1
103680,1
103681,1
103682,1
103683,1
103684,1
103685,1
103686,1
103687,1
103688,1
103689,1
103690,1
103691,1
103692,1
103693,1
103694,1
103695,1
103696,1
103697,1
103698,1
103699,1
103700,1
103701,1
103702,1
103703,1
103704,1
103705,1
103706,1
103707,1
103708,1
103709,1
103710,1
103711,1
103712,1
103713,1
103714,1
103715,1
103716,1
103717,1
103718,1
103719,1
103720,1
103721,1
103722,1
103723,1
103724,1
103725,1
103726,1
103727,1
103728,1
103729,1
103730,1
103731,1
103732,1
103733,1
103734,1
103735,1
103736,1
103737,1
103738,1
103739,1
103740,1
103741,1
103742,1
103743,1
103744,1
103745,1
103746,1
103747,1
103748,1
103749,1
103750,1
103751,1
103752,1
103753,1
103754,1
103755,1
103756,1
103757,1
103758,1
103759,1
103760,1
103761,1
103762,1
103763,1
103764,1
103765,1
103766,1
103767,1
103768,1
103769,1
103770,1
103771,1
103772,1
103773,1
103774,1
103775,1
103776,1
103777,1
103778,1
103779,1
103780,1
103781,1
103782,1
103783,1
103784,1
103785,1
103786,1
103787,1
103788,1
103789,1
103790,1
103791,1
103792,1
103793,1
103794,1
103795,1
103796,1
103797,1
103798,1
103799,1
103800,1
103801,1
103802,1
103803,1
103804,1
103805,1
103806,1
103807,1
103808,1
103809,1
103810,1
103811,1
103812,1
103813,1
103814,1
103815,1
103816,1
103817,1
103818,1
103819,1
103820,1
103821,1
103822,1
103823,1
103824,1
103825,1
103826,1
103827,1
103828,1
103829,1
103830,1
103831,1
103832,1
103833,1
103834,1
103835,1
103836,1
103837,1
103838,1
103839,1
103840,1
103841,1
103842,1
103843,1
103844,1
103845,1
103846,1
103847,1
103848,1
103849,1
103850,1
103851,1
103852,1
103853,1
103854,1
103855,1
103856,1
103857,1
103858,1
103859,1
103860,1
103861,1
103862,1
103863,1
103864,1
103865,1
103866,1
103867,1
103868,1
103869,1
103870,1
103871,1
103872,1
103873,1
103874,1
103875,1
103876,1
103877,1
103878,1
103879,1
103880,1
103881,1
103882,1
103883,1
103884,1
103885,1
103886,1
103887,1
103888,1
103889,1
103890,1
103891,1
103892,1
103893,1
103894,1
103895,1
103896,1
103897,1
103898,1
103899,1
103900,1
103901,1
103902,1
103903,1
103904,1
103905,1
103906,1
103907,1
103908,1
103909,1
103910,1
103911,1
103912,1
103913,1
103914,1
103915,1
103916,1
103917,1
103918,1
103919,1
103920,1
103921,1
103922,1
103923,1
103924,1
103925,1
103926,1
103927,1
103928,1
103929,1
103930,1
103931,1
103932,1
103933,1
103934,1
103935,1
103936,1
103937,1
103938,1
103939,1
103940,1
103941,1
103942,1
103943,1
103944,1
103945,1
103946,1
103947,1
103948,1
103949,1
103950,1
103951,1
103952,1
103953,1
103954,1
103955,1
103956,1
103957,1
103958,1
103959,1
103960,1
103961,1
103962,1
103963,1
103964,1
103965,1
103966,1
103967,1
103968,1
103969,1
103970,1
103971,1
103972,1
103973,1
103974,1
103975,1
103976,1
103977,1
103978,1
103979,1
103980,1
103981,1
103982,1
103983,1
103984,1
103985,1
103986,1
103987,1
103988,1
103989,1
103990,1
103991,1
103992,1
103993,1
103994,1
103995,1
103996,1
103997,1
103998,1
103999,1
104000,1
104001,1
104002,1
104003,1
104004,1
104005,1
104006,1
104007,1
104008,1
104009,1
104010,1
104011,1
104012,1
104013,1
104014,1
104015,1
104016,1
104017,1
104018,1
104019,1
104020,1
104021,1
104022,1
104023,1
104024,1
104025,1
104026,1
104027,1
104028,1
104029,1
104030,1
104031,1
104032,1
104033,1
104034,1
104035,1
104036,1
104037,1
104038,1
104039,1
104040,1
104041,1
104042,1
104043,1
104044,1
104045,1
104046,1
104047,1
104048,1
104049,1
104050,1
104051,1
104052,1
104053,1
104054,1
104055,1
104056,1
104057,1
104058,1
104059,1
104060,1
104061,1
104062,1
104063,1
104064,1
104065,1
104066,1
104067,1
104068,1
104069,1
104070,1
104071,1
104072,1
104073,1
104074,1
104075,1
104076,1
104077,1
104078,1
104079,1
104080,1
104081,1
104082,1
104083,1
104084,1
104085,1
104086,1
104087,1
104088,1
104089,1
104090,1
104091,1
104092,1
104093,1
104094,1
104095,1
104096,1
104097,1
104098,1
104099,1
104100,1
104101,1
104102,1
104103,1
104104,1
104105,1
104106,1
104107,1
104108,1
104109,1
104110,1
104111,1
104112,1
104113,1
104114,1
104115,1
104116,1
104117,1
104118,1
104119,1
104120,1
104121,1
104122,1
104123,1
104124,1
104125,1
104126,1
104127,1
104128,1
104129,1
104130,1
104131,1
104132,1
104133,1
104134,1
104135,1
104136,1
104137,1
104138,1
104139,1
104140,1
104141,1
104142,1
104143,1
104144,1
104145,1
104146,1
104147,1
104148,1
104149,1
104150,1
104151,1
104152,1
104153,1
104154,1
104155,1
104156,1
104157,1
104158,1
104159,1
104160,1
104161,1
104162,1
104163,1
104164,1
104165,1
104166,1
104167,1
104168,1
104169,1
104170,1
104171,1
104172,1
104173,1
104174,1
104175,1
104176,1
104177,1
104178,1
104179,1
104180,1
104181,1
104182,1
104183,1
104184,1
104185,1
104186,1
104187,1
104188,1
104189,1
104190,1
104191,1
104192,1
104193,1
104194,1
104195,1
104196,1
104197,1
104198,1
104199,1
104200,1
104201,1
104202,1
104203,1
104204,1
104205,1
104206,1
104207,1
104208,1
104209,1
104210,1
104211,1
104212,1
104213,1
104214,1
104215,1
104216,1
104217,1
104218,1
104219,1
104220,1
104221,1
104222,1
104223,1
104224,1
104225,1
104226,1
104227,1
104228,1
104229,1
104230,1
104231,1
104232,1
104233,1
104234,1
104235,1
104236,1
104237,1
104238,1
104239,1
104240,1
104241,1
104242,1
104243,1
104244,1
104245,1
104246,1
104247,1
104248,1
104249,1
104250,1
104251,1
104252,1
104253,1
104254,1
104255,1
104256,1
104257,1
104258,1
104259,1
104260,1
104261,1
104262,1
104263,1
104264,1
104265,1
104266,1
104267,1
104268,1
104269,1
104270,1
104271,1
104272,1
104273,1
104274,1
104275,1
104276,1
104277,1
104278,1
104279,1
104280,1
104281,1
104282,1
104283,1
104284,1
104285,1
104286,1
104287,1
104288,1
104289,1
104290,1
104291,1
104292,1
104293,1
104294,1
104295,1
104296,1
104297,1
104298,1
104299,1
104300,1
104301,1
104302,1
104303,1
104304,1
104305,1
104306,1
104307,1
104308,1
104309,1
104310,1
104311,1
104312,1
104313,1
104314,1
104315,1
104316,1
104317,1
104318,1
104319,1
104320,1
104321,1
104322,1
104323,1
104324,1
104325,1
104326,1
104327,1
104328,1
104329,1
104330,1
104331,1
104332,1
104333,1
104334,1
104335,1
104336,1
104337,1
104338,1
104339,1
104340,1
104341,1
104342,1
104343,1
104344,1
104345,1
104346,1
104347,1
104348,1
104349,1
104350,1
104351,1
104352,1
104353,1
104354,1
104355,1
104356,1
104357,1
104358,1
104359,1
104360,1
104361,1
104362,1
104363,1
104364,1
104365,1
104366,1
104367,1
104368,1
104369,1
104370,1
104371,1
104372,1
104373,1
104374,1
104375,1
104376,1
104377,1
104378,1
104379,1
104380,1
104381,1
104382,1
104383,1
104384,1
104385,1
104386,1
104387,1
104388,1
104389,1
104390,1
104391,1
104392,1
104393,1
104394,1
104395,1
104396,1
104397,1
104398,1
104399,1
104400,1
104401,1
104402,1
104403,1
104404,1
104405,1
104406,1
104407,1
104408,1
104409,1
104410,1
104411,1
104412,1
104413,1
104414,1
104415,1
104416,1
104417,1
104418,1
104419,1
104420,1
104421,1
104422,1
104423,1
104424,1
104425,1
104426,1
104427,1
104428,1
104429,1
104430,1
104431,1
104432,1
104433,1
104434,1
104435,1
104436,1
104437,1
104438,1
104439,1
104440,1
104441,1
104442,1
104443,1
104444,1
104445,1
104446,1
104447,1
104448,1
104449,1
104450,1
104451,1
104452,1
104453,1
104454,1
104455,1
104456,1
104457,1
104458,1
104459,1
104460,1
104461,1
104462,1
104463,1
104464,1
104465,1
104466,1
104467,1
104468,1
104469,1
104470,1
104471,1
104472,1
104473,1
104474,1
104475,1
104476,1
104477,1
104478,1
104479,1
104480,1
104481,1
104482,1
104483,1
104484,1
104485,1
104486,1
104487,1
104488,1
104489,1
104490,1
104491,1
104492,1
104493,1
104494,1
104495,1
104496,1
104497,1
104498,1
104499,1
104500,1
104501,1
104502,1
104503,1
104504,1
104505,1
104506,1
104507,1
104508,1
104509,1
104510,1
104511,1
104512,1
104513,1
104514,1
104515,1
104516,1
104517,1
104518,1
104519,1
104520,1
104521,1
104522,1
104523,1
104524,1
104525,1
104526,1
104527,1
104528,1
104529,1
104530,1
104531,1
104532,1
104533,1
104534,1
104535,1
104536,1
104537,1
104538,1
104539,1
104540,1
104541,1
104542,1
104543,1
104544,1
104545,1
104546,1
104547,1
104548,1
104549,1
104550,1
104551,1
104552,1
104553,1
104554,1
104555,1
104556,1
104557,1
104558,1
104559,1
104560,1
104561,1
104562,1
104563,1
104564,1
104565,1
104566,1
104567,1
104568,1
104569,1
104570,1
104571,1
104572,1
104573,1
104574,1
104575,1
104576,1
104577,1
104578,1
104579,1
104580,1
104581,1
104582,1
104583,1
104584,1
104585,1
104586,1
104587,1
104588,1
104589,1
104590,1
104591,1
104592,1
104593,1
104594,1
104595,1
104596,1
104597,1
104598,1
104599,1
104600,1
104601,1
104602,1
104603,1
104604,1
104605,1
104606,1
104607,1
104608,1
104609,1
104610,1
104611,1
104612,1
104613,1
104614,1
104615,1
104616,1
104617,1
104618,1
104619,1
104620,1
104621,1
104622,1
104623,1
104624,1
104625,1
104626,1
104627,1
104628,1
104629,1
104630,1
104631,1
104632,1
104633,1
104634,1
104635,1
104636,1
104637,1
104638,1
104639,1
104640,1
104641,1
104642,1
104643,1
104644,1
104645,1
104646,1
104647,1
104648,1
104649,1
104650,1
104651,1
104652,1
104653,1
104654,1
104655,1
104656,1
104657,1
104658,1
104659,1
104660,1
104661,1
104662,1
104663,1
104664,1
104665,1
104666,1
104667,1
104668,1
104669,1
104670,1
104671,1
104672,1
104673,1
104674,1
104675,1
104676,1
104677,1
104678,1
104679,1
104680,1
104681,1
104682,1
104683,1
104684,1
104685,1
104686,1
104687,1
104688,1
104689,1
104690,1
104691,1
104692,1
104693,1
104694,1
104695,1
104696,1
104697,1
104698,1
104699,1
104700,1
104701,1
104702,1
104703,1
104704,1
104705,1
104706,1
104707,1
104708,1
104709,1
104710,1
104711,1
104712,1
104713,1
104714,1
104715,1
104716,1
104717,1
104718,1
104719,1
104720,1
104721,1
104722,1
104723,1
104724,1
104725,1
104726,1
104727,1
104728,1
104729,1
104730,1
104731,1
104732,1
104733,1
104734,1
104735,1
104736,1
104737,1
104738,1
104739,1
104740,1
104741,1
104742,1
104743,1
104744,1
104745,1
104746,1
104747,1
104748,1
104749,1
104750,1
104751,1
104752,1
104753,1
104754,1
104755,1
104756,1
104757,1
104758,1
104759,1
104760,1
104761,1
104762,1
104763,1
104764,1
104765,1
104766,1
104767,1
104768,1
104769,1
104770,1
104771,1
104772,1
104773,1
104774,1
104775,1
104776,1
104777,1
104778,1
104779,1
104780,1
104781,1
104782,1
104783,1
104784,1
104785,1
104786,1
104787,1
104788,1
104789,1
104790,1
104791,1
104792,1
104793,1
104794,1
104795,1
104796,1
104797,1
104798,1
104799,1
104800,1
104801,1
104802,1
104803,1
104804,1
104805,1
104806,1
104807,1
104808,1
104809,1
104810,1
104811,1
104812,1
104813,1
104814,1
104815,1
104816,1
104817,1
104818,1
104819,1
104820,1
104821,1
104822,1
104823,1
104824,1
104825,1
104826,1
104827,1
104828,1
104829,1
104830,1
104831,1
104832,1
104833,1
104834,1
104835,1
104836,1
104837,1
104838,1
104839,1
104840,1
104841,1
104842,1
104843,1
104844,1
104845,1
104846,1
104847,1
104848,1
104849,1
104850,1
104851,1
104852,1
104853,1
104854,1
104855,1
104856,1
104857,1
104858,1
104859,1
104860,1
104861,1
104862,1
104863,1
104864,1
104865,1
104866,1
104867,1
104868,1
104869,1
104870,1
104871,1
104872,1
104873,1
104874,1
104875,1
104876,1
104877,1
104878,1
104879,1
104880,1
104881,1
104882,1
104883,1
104884,1
104885,1
104886,1
104887,1
104888,1
104889,1
104890,1
104891,1
104892,1
104893,1
104894,1
104895,1
104896,1
104897,1
104898,1
104899,1
104900,1
104901,1
104902,1
104903,1
104904,1
104905,1
104906,1
104907,1
104908,1
104909,1
104910,1
104911,1
104912,1
104913,1
104914,1
104915,1
104916,1
104917,1
104918,1
104919,1
104920,1
104921,1
104922,1
104923,1
104924,1
104925,1
104926,1
104927,1
104928,1
104929,1
104930,1
104931,1
104932,1
104933,1
104934,1
104935,1
104936,1
104937,1
104938,1
104939,1
104940,1
104941,1
104942,1
104943,1
104944,1
104945,1
104946,1
104947,1
104948,1
104949,1
104950,1
104951,1
104952,1
104953,1
104954,1
104955,1
104956,1
104957,1
104958,1
104959,1
104960,1
104961,1
104962,1
104963,1
104964,1
104965,1
104966,1
104967,1
104968,1
104969,1
104970,1
104971,1
104972,1
104973,1
104974,1
104975,1
104976,1
104977,1
104978,1
104979,1
104980,1
104981,1
104982,1
104983,1
104984,1
104985,1
104986,1
104987,1
104988,1
104989,1
104990,1
104991,1
104992,1
104993,1
104994,1
104995,1
104996,1
104997,1
104998,1
104999,1
105000,1
105001,1
105002,1
105003,1
105004,1
105005,1
105006,1
105007,1
105008,1
105009,1
105010,1
105011,1
105012,1
105013,1
105014,1
105015,1
105016,1
105017,1
105018,1
105019,1
105020,1
105021,1
105022,1
105023,1
105024,1
105025,1
105026,1
105027,1
105028,1
105029,1
105030,1
105031,1
105032,1
105033,1
105034,1
105035,1
105036,1
105037,1
105038,1
105039,1
105040,1
105041,1
105042,1
105043,1
105044,1
105045,1
105046,1
105047,1
105048,1
105049,1
105050,1
105051,1
105052,1
105053,1
105054,1
105055,1
105056,1
105057,1
105058,1
105059,1
105060,1
105061,1
105062,1
105063,1
105064,1
105065,1
105066,1
105067,1
105068,1
105069,1
105070,1
105071,1
105072,1
105073,1
105074,1
105075,1
105076,1
105077,1
105078,1
105079,1
105080,1
105081,1
105082,1
105083,1
105084,1
105085,1
105086,1
105087,1
105088,1
105089,1
105090,1
105091,1
105092,1
105093,1
105094,1
105095,1
105096,1
105097,1
105098,1
105099,1
105100,1
105101,1
105102,1
105103,1
105104,1
105105,1
105106,1
105107,1
105108,1
105109,1
105110,1
105111,1
105112,1
105113,1
105114,1
105115,1
105116,1
105117,1
105118,1
105119,1
105120,1
105121,1
105122,1
105123,1
105124,1
105125,1
105126,1
105127,1
105128,1
105129,1
105130,1
105131,1
105132,1
105133,1
105134,1
105135,1
105136,1
105137,1
105138,1
105139,1
105140,1
105141,1
105142,1
105143,1
105144,1
105145,1
105146,1
105147,1
105148,1
105149,1
105150,1
105151,1
105152,1
105153,1
105154,1
105155,1
105156,1
105157,1
105158,1
105159,1
105160,1
105161,1
105162,1
105163,1
105164,1
105165,1
105166,1
105167,1
105168,1
105169,1
105170,1
105171,1
105172,1
105173,1
105174,1
105175,1
105176,1
105177,1
105178,1
105179,1
105180,1
105181,1
105182,1
105183,1
105184,1
105185,1
105186,1
105187,1
105188,1
105189,1
105190,1
105191,1
105192,1
105193,1
105194,1
105195,1
105196,1
105197,1
105198,1
105199,1
105200,1
105201,1
105202,1
105203,1
105204,1
105205,1
105206,1
105207,1
105208,1
105209,1
105210,1
105211,1
105212,1
105213,1
105214,1
105215,1
105216,1
105217,1
105218,1
105219,1
105220,1
105221,1
105222,1
105223,1
105224,1
105225,1
105226,1
105227,1
105228,1
105229,1
105230,1
105231,1
105232,1
105233,1
105234,1
105235,1
105236,1
105237,1
105238,1
105239,1
105240,1
105241,1
105242,1
105243,1
105244,1
105245,1
105246,1
105247,1
105248,1
105249,1
105250,1
105251,1
105252,1
105253,1
105254,1
105255,1
105256,1
105257,1
105258,1
105259,1
105260,1
105261,1
105262,1
105263,1
105264,1
105265,1
105266,1
105267,1
105268,1
105269,1
105270,1
105271,1
105272,1
105273,1
105274,1
105275,1
105276,1
105277,1
105278,1
105279,1
105280,1
105281,1
105282,1
105283,1
105284,1
105285,1
105286,1
105287,1
105288,1
105289,1
105290,1
105291,1
105292,1
105293,1
105294,1
105295,1
105296,1
105297,1
105298,1
105299,1
105300,1
105301,1
105302,1
105303,1
105304,1
105305,1
105306,1
105307,1
105308,1
105309,1
105310,1
105311,1
105312,1
105313,1
105314,1
105315,1
105316,1
105317,1
105318,1
105319,1
105320,1
105321,1
105322,1
105323,1
105324,1
105325,1
105326,1
105327,1
105328,1
105329,1
105330,1
105331,1
105332,1
105333,1
105334,1
105335,1
105336,1
105337,1
105338,1
105339,1
105340,1
105341,1
105342,1
105343,1
105344,1
105345,1
105346,1
105347,1
105348,1
105349,1
105350,1
105351,1
105352,1
105353,1
105354,1
105355,1
105356,1
105357,1
105358,1
105359,1
105360,1
105361,1
105362,1
105363,1
105364,1
105365,1
105366,1
105367,1
105368,1
105369,1
105370,1
105371,1
105372,1
105373,1
105374,1
105375,1
105376,1
105377,1
105378,1
105379,1
105380,1
105381,1
105382,1
105383,1
105384,1
105385,1
105386,1
105387,1
105388,1
105389,1
105390,1
105391,1
105392,1
105393,1
105394,1
105395,1
105396,1
105397,1
105398,1
105399,1
105400,1
105401,1
105402,1
105403,1
105404,1
105405,1
105406,1
105407,1
105408,1
105409,1
105410,1
105411,1
105412,1
105413,1
105414,1
105415,1
105416,1
105417,1
105418,1
105419,1
105420,1
105421,1
105422,1
105423,1
105424,1
105425,1
105426,1
105427,1
105428,1
105429,1
105430,1
105431,1
105432,1
105433,1
105434,1
105435,1
105436,1
105437,1
105438,1
105439,1
105440,1
105441,1
105442,1
105443,1
105444,1
105445,1
105446,1
105447,1
105448,1
105449,1
105450,1
105451,1
105452,1
105453,1
105454,1
105455,1
105456,1
105457,1
105458,1
105459,1
105460,1
105461,1
105462,1
105463,1
105464,1
105465,1
105466,1
105467,1
105468,1
105469,1
105470,1
105471,1
105472,1
105473,1
105474,1
105475,1
105476,1
105477,1
105478,1
105479,1
105480,1
105481,1
105482,1
105483,1
105484,1
105485,1
105486,1
105487,1
105488,1
105489,1
105490,1
105491,1
105492,1
105493,1
105494,1
105495,1
105496,1
105497,1
105498,1
105499,1
105500,1
105501,1
105502,1
105503,1
105504,1
105505,1
105506,1
105507,1
105508,1
105509,1
105510,1
105511,1
105512,1
105513,1
105514,1
105515,1
105516,1
105517,1
105518,1
105519,1
105520,1
105521,1
105522,1
105523,1
105524,1
105525,1
105526,1
105527,1
105528,1
105529,1
105530,1
105531,1
105532,1
105533,1
105534,1
105535,1
105536,1
105537,1
105538,1
105539,1
105540,1
105541,1
105542,1
105543,1
105544,1
105545,1
105546,1
105547,1
105548,1
105549,1
105550,1
105551,1
105552,1
105553,1
105554,1
105555,1
105556,1
105557,1
105558,1
105559,1
105560,1
105561,1
105562,1
105563,1
105564,1
105565,1
105566,1
105567,1
105568,1
105569,1
105570,1
105571,1
105572,1
105573,1
105574,1
105575,1
105576,1
105577,1
105578,1
105579,1
105580,1
105581,1
105582,1
105583,1
105584,1
105585,1
105586,1
105587,1
105588,1
105589,1
105590,1
105591,1
105592,1
105593,1
105594,1
105595,1
105596,1
105597,1
105598,1
105599,1
105600,1
105601,1
105602,1
105603,1
105604,1
105605,1
105606,1
105607,1
105608,1
105609,1
105610,1
105611,1
105612,1
105613,1
105614,1
105615,1
105616,1
105617,1
105618,1
105619,1
105620,1
105621,1
105622,1
105623,1
105624,1
105625,1
105626,1
105627,1
105628,1
105629,1
105630,1
105631,1
105632,1
105633,1
105634,1
105635,1
105636,1
105637,1
105638,1
105639,1
105640,1
105641,1
105642,1
105643,1
105644,1
105645,1
105646,1
105647,1
105648,1
105649,1
105650,1
105651,1
105652,1
105653,1
105654,1
105655,1
105656,1
105657,1
105658,1
105659,1
105660,1
105661,1
105662,1
105663,1
105664,1
105665,1
105666,1
105667,1
105668,1
105669,1
105670,1
105671,1
105672,1
105673,1
105674,1
105675,1
105676,1
105677,1
105678,1
105679,1
105680,1
105681,1
105682,1
105683,1
105684,1
105685,1
105686,1
105687,1
105688,1
105689,1
105690,1
105691,1
105692,1
105693,1
105694,1
105695,1
105696,1
105697,1
105698,1
105699,1
105700,1
105701,1
105702,1
105703,1
105704,1
105705,1
105706,1
105707,1
105708,1
105709,1
105710,1
105711,1
105712,1
105713,1
105714,1
105715,1
105716,1
105717,1
105718,1
105719,1
105720,1
105721,1
105722,1
105723,1
105724,1
105725,1
105726,1
105727,1
105728,1
105729,1
105730,1
105731,1
105732,1
105733,1
105734,1
105735,1
105736,1
105737,1
105738,1
105739,1
105740,1
105741,1
105742,1
105743,1
105744,1
105745,1
105746,1
105747,1
105748,1
105749,1
105750,1
105751,1
105752,1
105753,1
105754,1
105755,1
105756,1
105757,1
105758,1
105759,1
105760,1
105761,1
105762,1
105763,1
105764,1
105765,1
105766,1
105767,1
105768,1
105769,1
105770,1
105771,1
105772,1
105773,1
105774,1
105775,1
105776,1
105777,1
105778,1
105779,1
105780,1
105781,1
105782,1
105783,1
105784,1
105785,1
105786,1
105787,1
105788,1
105789,1
105790,1
105791,1
105792,1
105793,1
105794,1
105795,1
105796,1
105797,1
105798,1
105799,1
105800,1
105801,1
105802,1
105803,1
105804,1
105805,1
105806,1
105807,1
105808,1
105809,1
105810,1
105811,1
105812,1
105813,1
105814,1
105815,1
105816,1
105817,1
105818,1
105819,1
105820,1
105821,1
105822,1
105823,1
105824,1
105825,1
105826,1
105827,1
105828,1
105829,1
105830,1
105831,1
105832,1
105833,1
105834,1
105835,1
105836,1
105837,1
105838,1
105839,1
105840,1
105841,1
105842,1
105843,1
105844,1
105845,1
105846,1
105847,1
105848,1
105849,1
105850,1
105851,1
105852,1
105853,1
105854,1
105855,1
105856,1
105857,1
105858,1
105859,1
105860,1
105861,1
105862,1
105863,1
105864,1
105865,1
105866,1
105867,1
105868,1
105869,1
105870,1
105871,1
105872,1
105873,1
105874,1
105875,1
105876,1
105877,1
105878,1
105879,1
105880,1
105881,1
105882,1
105883,1
105884,1
105885,1
105886,1
105887,1
105888,1
105889,1
105890,1
105891,1
105892,1
105893,1
105894,1
105895,1
105896,1
105897,1
105898,1
105899,1
105900,1
105901,1
105902,1
105903,1
105904,1
105905,1
105906,1
105907,1
105908,1
105909,1
105910,1
105911,1
105912,1
105913,1
105914,1
105915,1
105916,1
105917,1
105918,1
105919,1
105920,1
105921,1
105922,1
105923,1
105924,1
105925,1
105926,1
105927,1
105928,1
105929,1
105930,1
105931,1
105932,1
105933,1
105934,1
105935,1
105936,1
105937,1
105938,1
105939,1
105940,1
105941,1
105942,1
105943,1
105944,1
105945,1
105946,1
105947,1
105948,1
105949,1
105950,1
105951,1
105952,1
105953,1
105954,1
105955,1
105956,1
105957,1
105958,1
105959,1
105960,1
105961,1
105962,1
105963,1
105964,1
105965,1
105966,1
105967,1
105968,1
105969,1
105970,1
105971,1
105972,1
105973,1
105974,1
105975,1
105976,1
105977,1
105978,1
105979,1
105980,1
105981,1
105982,1
105983,1
105984,1
105985,1
105986,1
105987,1
105988,1
105989,1
105990,1
105991,1
105992,1
105993,1
105994,1
105995,1
105996,1
105997,1
105998,1
105999,1
106000,1
106001,1
106002,1
106003,1
106004,1
106005,1
106006,1
106007,1
106008,1
106009,1
106010,1
106011,1
106012,1
106013,1
106014,1
106015,1
106016,1
106017,1
106018,1
106019,1
106020,1
106021,1
106022,1
106023,1
106024,1
106025,1
106026,1
106027,1
106028,1
106029,1
106030,1
106031,1
106032,1
106033,1
106034,1
106035,1
106036,1
106037,1
106038,1
106039,1
106040,1
106041,1
106042,1
106043,1
106044,1
106045,1
106046,1
106047,1
106048,1
106049,1
106050,1
106051,1
106052,1
106053,1
106054,1
106055,1
106056,1
106057,1
106058,1
106059,1
106060,1
106061,1
106062,1
106063,1
106064,1
106065,1
106066,1
106067,1
106068,1
106069,1
106070,1
106071,1
106072,1
106073,1
106074,1
106075,1
106076,1
106077,1
106078,1
106079,1
106080,1
106081,1
106082,1
106083,1
106084,1
106085,1
106086,1
106087,1
106088,1
106089,1
106090,1
106091,1
106092,1
106093,1
106094,1
106095,1
106096,1
106097,1
106098,1
106099,1
106100,1
106101,1
106102,1
106103,1
106104,1
106105,1
106106,1
106107,1
106108,1
106109,1
106110,1
106111,1
106112,1
106113,1
106114,1
106115,1
106116,1
106117,1
106118,1
106119,1
106120,1
106121,1
106122,1
106123,1
106124,1
106125,1
106126,1
106127,1
106128,1
106129,1
106130,1
106131,1
106132,1
106133,1
106134,1
106135,1
106136,1
106137,1
106138,1
106139,1
106140,1
106141,1
106142,1
106143,1
106144,1
106145,1
106146,1
106147,1
106148,1
106149,1
106150,1
106151,1
106152,1
106153,1
106154,1
106155,1
106156,1
106157,1
106158,1
106159,1
106160,1
106161,1
106162,1
106163,1
106164,1
106165,1
106166,1
106167,1
106168,1
106169,1
106170,1
106171,1
106172,1
106173,1
106174,1
106175,1
106176,1
106177,1
106178,1
106179,1
106180,1
106181,1
106182,1
106183,1
106184,1
106185,1
106186,1
106187,1
106188,1
106189,1
106190,1
106191,1
106192,1
106193,1
106194,1
106195,1
106196,1
106197,1
106198,1
106199,1
106200,1
106201,1
106202,1
106203,1
106204,1
106205,1
106206,1
106207,1
106208,1
106209,1
106210,1
106211,1
106212,1
106213,1
106214,1
106215,1
106216,1
106217,1
106218,1
106219,1
106220,1
106221,1
106222,1
106223,1
106224,1
106225,1
106226,1
106227,1
106228,1
106229,1
106230,1
106231,1
106232,1
106233,1
106234,1
106235,1
106236,1
106237,1
106238,1
106239,1
106240,1
106241,1
106242,1
106243,1
106244,1
106245,1
106246,1
106247,1
106248,1
106249,1
106250,1
106251,1
106252,1
106253,1
106254,1
106255,1
106256,1
106257,1
106258,1
106259,1
106260,1
106261,1
106262,1
106263,1
106264,1
106265,1
106266,1
106267,1
106268,1
106269,1
106270,1
106271,1
106272,1
106273,1
106274,1
106275,1
106276,1
106277,1
106278,1
106279,1
106280,1
106281,1
106282,1
106283,1
106284,1
106285,1
106286,1
106287,1
106288,1
106289,1
106290,1
106291,1
106292,1
106293,1
106294,1
106295,1
106296,1
106297,1
106298,1
106299,1
106300,1
106301,1
106302,1
106303,1
106304,1
106305,1
106306,1
106307,1
106308,1
106309,1
106310,1
106311,1
106312,1
106313,1
106314,1
106315,1
106316,1
106317,1
106318,1
106319,1
106320,1
106321,1
106322,1
106323,1
106324,1
106325,1
106326,1
106327,1
106328,1
106329,1
106330,1
106331,1
106332,1
106333,1
106334,1
106335,1
106336,1
106337,1
106338,1
106339,1
106340,1
106341,1
106342,1
106343,1
106344,1
106345,1
106346,1
106347,1
106348,1
106349,1
106350,1
106351,1
106352,1
106353,1
106354,1
106355,1
106356,1
106357,1
106358,1
106359,1
106360,1
106361,1
106362,1
106363,1
106364,1
106365,1
106366,1
106367,1
106368,1
106369,1
106370,1
106371,1
106372,1
106373,1
106374,1
106375,1
106376,1
106377,1
106378,1
106379,1
106380,1
106381,1
106382,1
106383,1
106384,1
106385,1
106386,1
106387,1
106388,1
106389,1
106390,1
106391,1
106392,1
106393,1
106394,1
106395,1
106396,1
106397,1
106398,1
106399,1
106400,1
106401,1
106402,1
106403,1
106404,1
106405,1
106406,1
106407,1
106408,1
106409,1
106410,1
106411,1
106412,1
106413,1
106414,1
106415,1
106416,1
106417,1
106418,1
106419,1
106420,1
106421,1
106422,1
106423,1
106424,1
106425,1
106426,1
106427,1
106428,1
106429,1
106430,1
106431,1
106432,1
106433,1
106434,1
106435,1
106436,1
106437,1
106438,1
106439,1
106440,1
106441,1
106442,1
106443,1
106444,1
106445,1
106446,1
106447,1
106448,1
106449,1
106450,1
106451,1
106452,1
106453,1
106454,1
106455,1
106456,1
106457,1
106458,1
106459,1
106460,1
106461,1
106462,1
106463,1
106464,1
106465,1
106466,1
106467,1
106468,1
106469,1
106470,1
106471,1
106472,1
106473,1
106474,1
106475,1
106476,1
106477,1
106478,1
106479,1
106480,1
106481,1
106482,1
106483,1
106484,1
106485,1
106486,1
106487,1
106488,1
106489,1
106490,1
106491,1
106492,1
106493,1
106494,1
106495,1
106496,1
106497,1
106498,1
106499,1
106500,1
106501,1
106502,1
106503,1
106504,1
106505,1
106506,1
106507,1
106508,1
106509,1
106510,1
106511,1
106512,1
106513,1
106514,1
106515,1
106516,1
106517,1
106518,1
106519,1
106520,1
106521,1
106522,1
106523,1
106524,1
106525,1
106526,1
106527,1
106528,1
106529,1
106530,1
106531,1
106532,1
106533,1
106534,1
106535,1
106536,1
106537,1
106538,1
106539,1
106540,1
106541,1
106542,1
106543,1
106544,1
106545,1
106546,1
106547,1
106548,1
106549,1
106550,1
106551,1
106552,1
106553,1
106554,1
106555,1
106556,1
106557,1
106558,1
106559,1
106560,1
106561,1
106562,1
106563,1
106564,1
106565,1
106566,1
106567,1
106568,1
106569,1
106570,1
106571,1
106572,1
106573,1
106574,1
106575,1
106576,1
106577,1
106578,1
106579,1
106580,1
106581,1
106582,1
106583,1
106584,1
106585,1
106586,1
106587,1
106588,1
106589,1
106590,1
106591,1
106592,1
106593,1
106594,1
106595,1
106596,1
106597,1
106598,1
106599,1
106600,1
106601,1
106602,1
106603,1
106604,1
106605,1
106606,1
106607,1
106608,1
106609,1
106610,1
106611,1
106612,1
106613,1
106614,1
106615,1
106616,1
106617,1
106618,1
106619,1
106620,1
106621,1
106622,1
106623,1
106624,1
106625,1
106626,1
106627,1
106628,1
106629,1
106630,1
106631,1
106632,1
106633,1
106634,1
106635,1
106636,1
106637,1
106638,1
106639,1
106640,1
106641,1
106642,1
106643,1
106644,1
106645,1
106646,1
106647,1
106648,1
106649,1
106650,1
106651,1
106652,1
106653,1
106654,1
106655,1
106656,1
106657,1
106658,1
106659,1
106660,1
106661,1
106662,1
106663,1
106664,1
106665,1
106666,1
106667,1
106668,1
106669,1
106670,1
106671,1
106672,1
106673,1
106674,1
106675,1
106676,1
106677,1
106678,1
106679,1
106680,1
106681,1
106682,1
106683,1
106684,1
106685,1
106686,1
106687,1
106688,1
106689,1
106690,1
106691,1
106692,1
106693,1
106694,1
106695,1
106696,1
106697,1
106698,1
106699,1
106700,1
106701,1
106702,1
106703,1
106704,1
106705,1
106706,1
106707,1
106708,1
106709,1
106710,1
106711,1
106712,1
106713,1
106714,1
106715,1
106716,1
106717,1
106718,1
106719,1
106720,1
106721,1
106722,1
106723,1
106724,1
106725,1
106726,1
106727,1
106728,1
106729,1
106730,1
106731,1
106732,1
106733,1
106734,1
106735,1
106736,1
106737,1
106738,1
106739,1
106740,1
106741,1
106742,1
106743,1
106744,1
106745,1
106746,1
106747,1
106748,1
106749,1
106750,1
106751,1
106752,1
106753,1
106754,1
106755,1
106756,1
106757,1
106758,1
106759,1
106760,1
106761,1
106762,1
106763,1
106764,1
106765,1
106766,1
106767,1
106768,1
106769,1
106770,1
106771,1
106772,1
106773,1
106774,1
106775,1
106776,1
106777,1
106778,1
106779,1
106780,1
106781,1
106782,1
106783,1
106784,1
106785,1
106786,1
106787,1
106788,1
106789,1
106790,1
106791,1
106792,1
106793,1
106794,1
106795,1
106796,1
106797,1
106798,1
106799,1
106800,1
106801,1
106802,1
106803,1
106804,1
106805,1
106806,1
106807,1
106808,1
106809,1
106810,1
106811,1
106812,1
106813,1
106814,1
106815,1
106816,1
106817,1
106818,1
106819,1
106820,1
106821,1
106822,1
106823,1
106824,1
106825,1
106826,1
106827,1
106828,1
106829,1
106830,1
106831,1
106832,1
106833,1
106834,1
106835,1
106836,1
106837,1
106838,1
106839,1
106840,1
106841,1
106842,1
106843,1
106844,1
106845,1
106846,1
106847,1
106848,1
106849,1
106850,1
106851,1
106852,1
106853,1
106854,1
106855,1
106856,1
106857,1
106858,1
106859,1
106860,1
106861,1
106862,1
106863,1
106864,1
106865,1
106866,1
106867,1
106868,1
106869,1
106870,1
106871,1
106872,1
106873,1
106874,1
106875,1
106876,1
106877,1
106878,1
106879,1
106880,1
106881,1
106882,1
106883,1
106884,1
106885,1
106886,1
106887,1
106888,1
106889,1
106890,1
106891,1
106892,1
106893,1
106894,1
106895,1
106896,1
106897,1
106898,1
106899,1
106900,1
106901,1
106902,1
106903,1
106904,1
106905,1
106906,1
106907,1
106908,1
106909,1
106910,1
106911,1
106912,1
106913,1
106914,1
106915,1
106916,1
106917,1
106918,1
106919,1
106920,1
106921,1
106922,1
106923,1
106924,1
106925,1
106926,1
106927,1
106928,1
106929,1
106930,1
106931,1
106932,1
106933,1
106934,1
106935,1
106936,1
106937,1
106938,1
106939,1
106940,1
106941,1
106942,1
106943,1
106944,1
106945,1
106946,1
106947,1
106948,1
106949,1
106950,1
106951,1
106952,1
106953,1
106954,1
106955,1
106956,1
106957,1
106958,1
106959,1
106960,1
106961,1
106962,1
106963,1
106964,1
106965,1
106966,1
106967,1
106968,1
106969,1
106970,1
106971,1
106972,1
106973,1
106974,1
106975,1
106976,1
106977,1
106978,1
106979,1
106980,1
106981,1
106982,1
106983,1
106984,1
106985,1
106986,1
106987,1
106988,1
106989,1
106990,1
106991,1
106992,1
106993,1
106994,1
106995,1
106996,1
106997,1
106998,1
106999,1
107000,1
107001,1
107002,1
107003,1
107004,1
107005,1
107006,1
107007,1
107008,1
107009,1
107010,1
107011,1
107012,1
107013,1
107014,1
107015,1
107016,1
107017,1
107018,1
107019,1
107020,1
107021,1
107022,1
107023,1
107024,1
107025,1
107026,1
107027,1
107028,1
107029,1
107030,1
107031,1
107032,1
107033,1
107034,1
107035,1
107036,1
107037,1
107038,1
107039,1
107040,1
107041,1
107042,1
107043,1
107044,1
107045,1
107046,1
107047,1
107048,1
107049,1
107050,1
107051,1
107052,1
107053,1
107054,1
107055,1
107056,1
107057,1
107058,1
107059,1
107060,1
107061,1
107062,1
107063,1
107064,1
107065,1
107066,1
107067,1
107068,1
107069,1
107070,1
107071,1
107072,1
107073,1
107074,1
107075,1
107076,1
107077,1
107078,1
107079,1
107080,1
107081,1
107082,1
107083,1
107084,1
107085,1
107086,1
107087,1
107088,1
107089,1
107090,1
107091,1
107092,1
107093,1
107094,1
107095,1
107096,1
107097,1
107098,1
107099,1
107100,1
107101,1
107102,1
107103,1
107104,1
107105,1
107106,1
107107,1
107108,1
107109,1
107110,1
107111,1
107112,1
107113,1
107114,1
107115,1
107116,1
107117,1
107118,1
107119,1
107120,1
107121,1
107122,1
107123,1
107124,1
107125,1
107126,1
107127,1
107128,1
107129,1
107130,1
107131,1
107132,1
107133,1
107134,1
107135,1
107136,1
107137,1
107138,1
107139,1
107140,1
107141,1
107142,1
107143,1
107144,1
107145,1
107146,1
107147,1
107148,1
107149,1
107150,1
107151,1
107152,1
107153,1
107154,1
107155,1
107156,1
107157,1
107158,1
107159,1
107160,1
107161,1
107162,1
107163,1
107164,1
107165,1
107166,1
107167,1
107168,1
107169,1
107170,1
107171,1
107172,1
107173,1
107174,1
107175,1
107176,1
107177,1
107178,1
107179,1
107180,1
107181,1
107182,1
107183,1
107184,1
107185,1
107186,1
107187,1
107188,1
107189,1
107190,1
107191,1
107192,1
107193,1
107194,1
107195,1
107196,1
107197,1
107198,1
107199,1
107200,1
107201,1
107202,1
107203,1
107204,1
107205,1
107206,1
107207,1
107208,1
107209,1
107210,1
107211,1
107212,1
107213,1
107214,1
107215,1
107216,1
107217,1
107218,1
107219,1
107220,1
107221,1
107222,1
107223,1
107224,1
107225,1
107226,1
107227,1
107228,1
107229,1
107230,1
107231,1
107232,1
107233,1
107234,1
107235,1
107236,1
107237,1
107238,1
107239,1
107240,1
107241,1
107242,1
107243,1
107244,1
107245,1
107246,1
107247,1
107248,1
107249,1
107250,1
107251,1
107252,1
107253,1
107254,1
107255,1
107256,1
107257,1
107258,1
107259,1
107260,1
107261,1
107262,1
107263,1
107264,1
107265,1
107266,1
107267,1
107268,1
107269,1
107270,1
107271,1
107272,1
107273,1
107274,1
107275,1
107276,1
107277,1
107278,1
107279,1
107280,1
107281,1
107282,1
107283,1
107284,1
107285,1
107286,1
107287,1
107288,1
107289,1
107290,1
107291,1
107292,1
107293,1
107294,1
107295,1
107296,1
107297,1
107298,1
107299,1
107300,1
107301,1
107302,1
107303,1
107304,1
107305,1
107306,1
107307,1
107308,1
107309,1
107310,1
107311,1
107312,1
107313,1
107314,1
107315,1
107316,1
107317,1
107318,1
107319,1
107320,1
107321,1
107322,1
107323,1
107324,1
107325,1
107326,1
107327,1
107328,1
107329,1
107330,1
107331,1
107332,1
107333,1
107334,1
107335,1
107336,1
107337,1
107338,1
107339,1
107340,1
107341,1
107342,1
107343,1
107344,1
107345,1
107346,1
107347,1
107348,1
107349,1
107350,1
107351,1
107352,1
107353,1
107354,1
107355,1
107356,1
107357,1
107358,1
107359,1
107360,1
107361,1
107362,1
107363,1
107364,1
107365,1
107366,1
107367,1
107368,1
107369,1
107370,1
107371,1
107372,1
107373,1
107374,1
107375,1
107376,1
107377,1
107378,1
107379,1
107380,1
107381,1
107382,1
107383,1
107384,1
107385,1
107386,1
107387,1
107388,1
107389,1
107390,1
107391,1
107392,1
107393,1
107394,1
107395,1
107396,1
107397,1
107398,1
107399,1
107400,1
107401,1
107402,1
107403,1
107404,1
107405,1
107406,1
107407,1
107408,1
107409,1
107410,1
107411,1
107412,1
107413,1
107414,1
107415,1
107416,1
107417,1
107418,1
107419,1
107420,1
107421,1
107422,1
107423,1
107424,1
107425,1
107426,1
107427,1
107428,1
107429,1
107430,1
107431,1
107432,1
107433,1
107434,1
107435,1
107436,1
107437,1
107438,1
107439,1
107440,1
107441,1
107442,1
107443,1
107444,1
107445,1
107446,1
107447,1
107448,1
107449,1
107450,1
107451,1
107452,1
107453,1
107454,1
107455,1
107456,1
107457,1
107458,1
107459,1
107460,1
107461,1
107462,1
107463,1
107464,1
107465,1
107466,1
107467,1
107468,1
107469,1
107470,1
107471,1
107472,1
107473,1
107474,1
107475,1
107476,1
107477,1
107478,1
107479,1
107480,1
107481,1
107482,1
107483,1
107484,1
107485,1
107486,1
107487,1
107488,1
107489,1
107490,1
107491,1
107492,1
107493,1
107494,1
107495,1
107496,1
107497,1
107498,1
107499,1
107500,1
107501,1
107502,1
107503,1
107504,1
107505,1
107506,1
107507,1
107508,1
107509,1
107510,1
107511,1
107512,1
107513,1
107514,1
107515,1
107516,1
107517,1
107518,1
107519,1
107520,1
107521,1
107522,1
107523,1
107524,1
107525,1
107526,1
107527,1
107528,1
107529,1
107530,1
107531,1
107532,1
107533,1
107534,1
107535,1
107536,1
107537,1
107538,1
107539,1
107540,1
107541,1
107542,1
107543,1
107544,1
107545,1
107546,1
107547,1
107548,1
107549,1
107550,1
107551,1
107552,1
107553,1
107554,1
107555,1
107556,1
107557,1
107558,1
107559,1
107560,1
107561,1
107562,1
107563,1
107564,1
107565,1
107566,1
107567,1
107568,1
107569,1
107570,1
107571,1
107572,1
107573,1
107574,1
107575,1
107576,1
107577,1
107578,1
107579,1
107580,1
107581,1
107582,1
107583,1
107584,1
107585,1
107586,1
107587,1
107588,1
107589,1
107590,1
107591,1
107592,1
107593,1
107594,1
107595,1
107596,1
107597,1
107598,1
107599,1
107600,1
107601,1
107602,1
107603,1
107604,1
107605,1
107606,1
107607,1
107608,1
107609,1
107610,1
107611,1
107612,1
107613,1
107614,1
107615,1
107616,1
107617,1
107618,1
107619,1
107620,1
107621,1
107622,1
107623,1
107624,1
107625,1
107626,1
107627,1
107628,1
107629,1
107630,1
107631,1
107632,1
107633,1
107634,1
107635,1
107636,1
107637,1
107638,1
107639,1
107640,1
107641,1
107642,1
107643,1
107644,1
107645,1
107646,1
107647,1
107648,1
107649,1
107650,1
107651,1
107652,1
107653,1
107654,1
107655,1
107656,1
107657,1
107658,1
107659,1
107660,1
107661,1
107662,1
107663,1
107664,1
107665,1
107666,1
107667,1
107668,1
107669,1
107670,1
107671,1
107672,1
107673,1
107674,1
107675,1
107676,1
107677,1
107678,1
107679,1
107680,1
107681,1
107682,1
107683,1
107684,1
107685,1
107686,1
107687,1
107688,1
107689,1
107690,1
107691,1
107692,1
107693,1
107694,1
107695,1
107696,1
107697,1
107698,1
107699,1
107700,1
107701,1
107702,1
107703,1
107704,1
107705,1
107706,1
107707,1
107708,1
107709,1
107710,1
107711,1
107712,1
107713,1
107714,1
107715,1
107716,1
107717,1
107718,1
107719,1
107720,1
107721,1
107722,1
107723,1
107724,1
107725,1
107726,1
107727,1
107728,1
107729,1
107730,1
107731,1
107732,1
107733,1
107734,1
107735,1
107736,1
107737,1
107738,1
107739,1
107740,1
107741,1
107742,1
107743,1
107744,1
107745,1
107746,1
107747,1
107748,1
107749,1
107750,1
107751,1
107752,1
107753,1
107754,1
107755,1
107756,1
107757,1
107758,1
107759,1
107760,1
107761,1
107762,1
107763,1
107764,1
107765,1
107766,1
107767,1
107768,1
107769,1
107770,1
107771,1
107772,1
107773,1
107774,1
107775,1
107776,1
107777,1
107778,1
107779,1
107780,1
107781,1
107782,1
107783,1
107784,1
107785,1
107786,1
107787,1
107788,1
107789,1
107790,1
107791,1
107792,1
107793,1
107794,1
107795,1
107796,1
107797,1
107798,1
107799,1
107800,1
107801,1
107802,1
107803,1
107804,1
107805,1
107806,1
107807,1
107808,1
107809,1
107810,1
107811,1
107812,1
107813,1
107814,1
107815,1
107816,1
107817,1
107818,1
107819,1
107820,1
107821,1
107822,1
107823,1
107824,1
107825,1
107826,1
107827,1
107828,1
107829,1
107830,1
107831,1
107832,1
107833,1
107834,1
107835,1
107836,1
107837,1
107838,1
107839,1
107840,1
107841,1
107842,1
107843,1
107844,1
107845,1
107846,1
107847,1
107848,1
107849,1
107850,1
107851,1
107852,1
107853,1
107854,1
107855,1
107856,1
107857,1
107858,1
107859,1
107860,1
107861,1
107862,1
107863,1
107864,1
107865,1
107866,1
107867,1
107868,1
107869,1
107870,1
107871,1
107872,1
107873,1
107874,1
107875,1
107876,1
107877,1
107878,1
107879,1
107880,1
107881,1
107882,1
107883,1
107884,1
107885,1
107886,1
107887,1
107888,1
107889,1
107890,1
107891,1
107892,1
107893,1
107894,1
107895,1
107896,1
107897,1
107898,1
107899,1
107900,1
107901,1
107902,1
107903,1
107904,1
107905,1
107906,1
107907,1
107908,1
107909,1
107910,1
107911,1
107912,1
107913,1
107914,1
107915,1
107916,1
107917,1
107918,1
107919,1
107920,1
107921,1
107922,1
107923,1
107924,1
107925,1
107926,1
107927,1
107928,1
107929,1
107930,1
107931,1
107932,1
107933,1
107934,1
107935,1
107936,1
107937,1
107938,1
107939,1
107940,1
107941,1
107942,1
107943,1
107944,1
107945,1
107946,1
107947,1
107948,1
107949,1
107950,1
107951,1
107952,1
107953,1
107954,1
107955,1
107956,1
107957,1
107958,1
107959,1
107960,1
107961,1
107962,1
107963,1
107964,1
107965,1
107966,1
107967,1
107968,1
107969,1
107970,1
107971,1
107972,1
107973,1
107974,1
107975,1
107976,1
107977,1
107978,1
107979,1
107980,1
107981,1
107982,1
107983,1
107984,1
107985,1
107986,1
107987,1
107988,1
107989,1
107990,1
107991,1
107992,1
107993,1
107994,1
107995,1
107996,1
107997,1
107998,1
107999,1
108000,1
108001,1
108002,1
108003,1
108004,1
108005,1
108006,1
108007,1
108008,1
108009,1
108010,1
108011,1
108012,1
108013,1
108014,1
108015,1
108016,1
108017,1
108018,1
108019,1
108020,1
108021,1
108022,1
108023,1
108024,1
108025,1
108026,1
108027,1
108028,1
108029,1
108030,1
108031,1
108032,1
108033,1
108034,1
108035,1
108036,1
108037,1
108038,1
108039,1
108040,1
108041,1
108042,1
108043,1
108044,1
108045,1
108046,1
108047,1
108048,1
108049,1
108050,1
108051,1
108052,1
108053,1
108054,1
108055,1
108056,1
108057,1
108058,1
108059,1
108060,1
108061,1
108062,1
108063,1
108064,1
108065,1
108066,1
108067,1
108068,1
108069,1
108070,1
108071,1
108072,1
108073,1
108074,1
108075,1
108076,1
108077,1
108078,1
108079,1
108080,1
108081,1
108082,1
108083,1
108084,1
108085,1
108086,1
108087,1
108088,1
108089,1
108090,1
108091,1
108092,1
108093,1
108094,1
108095,1
108096,1
108097,1
108098,1
108099,1
108100,1
108101,1
108102,1
108103,1
108104,1
108105,1
108106,1
108107,1
108108,1
108109,1
108110,1
108111,1
108112,1
108113,1
108114,1
108115,1
108116,1
108117,1
108118,1
108119,1
108120,1
108121,1
108122,1
108123,1
108124,1
108125,1
108126,1
108127,1
108128,1
108129,1
108130,1
108131,1
108132,1
108133,1
108134,1
108135,1
108136,1
108137,1
108138,1
108139,1
108140,1
108141,1
108142,1
108143,1
108144,1
108145,1
108146,1
108147,1
108148,1
108149,1
108150,1
108151,1
108152,1
108153,1
108154,1
108155,1
108156,1
108157,1
108158,1
108159,1
108160,1
108161,1
108162,1
108163,1
108164,1
108165,1
108166,1
108167,1
108168,1
108169,1
108170,1
108171,1
108172,1
108173,1
108174,1
108175,1
108176,1
108177,1
108178,1
108179,1
108180,1
108181,1
108182,1
108183,1
108184,1
108185,1
108186,1
108187,1
108188,1
108189,1
108190,1
108191,1
108192,1
108193,1
108194,1
108195,1
108196,1
108197,1
108198,1
108199,1
108200,1
108201,1
108202,1
108203,1
108204,1
108205,1
108206,1
108207,1
108208,1
108209,1
108210,1
108211,1
108212,1
108213,1
108214,1
108215,1
108216,1
108217,1
108218,1
108219,1
108220,1
108221,1
108222,1
108223,1
108224,1
108225,1
108226,1
108227,1
108228,1
108229,1
108230,1
108231,1
108232,1
108233,1
108234,1
108235,1
108236,1
108237,1
108238,1
108239,1
108240,1
108241,1
108242,1
108243,1
108244,1
108245,1
108246,1
108247,1
108248,1
108249,1
108250,1
108251,1
108252,1
108253,1
108254,1
108255,1
108256,1
108257,1
108258,1
108259,1
108260,1
108261,1
108262,1
108263,1
108264,1
108265,1
108266,1
108267,1
108268,1
108269,1
108270,1
108271,1
108272,1
108273,1
108274,1
108275,1
108276,1
108277,1
108278,1
108279,1
108280,1
108281,1
108282,1
108283,1
108284,1
108285,1
108286,1
108287,1
108288,1
108289,1
108290,1
108291,1
108292,1
108293,1
108294,1
108295,1
108296,1
108297,1
108298,1
108299,1
108300,1
108301,1
108302,1
108303,1
108304,1
108305,1
108306,1
108307,1
108308,1
108309,1
108310,1
108311,1
108312,1
108313,1
108314,1
108315,1
108316,1
108317,1
108318,1
108319,1
108320,1
108321,1
108322,1
108323,1
108324,1
108325,1
108326,1
108327,1
108328,1
108329,1
108330,1
108331,1
108332,1
108333,1
108334,1
108335,1
108336,1
108337,1
108338,1
108339,1
108340,1
108341,1
108342,1
108343,1
108344,1
108345,1
108346,1
108347,1
108348,1
108349,1
108350,1
108351,1
108352,1
108353,1
108354,1
108355,1
108356,1
108357,1
108358,1
108359,1
108360,1
108361,1
108362,1
108363,1
108364,1
108365,1
108366,1
108367,1
108368,1
108369,1
108370,1
108371,1
108372,1
108373,1
108374,1
108375,1
108376,1
108377,1
108378,1
108379,1
108380,1
108381,1
108382,1
108383,1
108384,1
108385,1
108386,1
108387,1
108388,1
108389,1
108390,1
108391,1
108392,1
108393,1
108394,1
108395,1
108396,1
108397,1
108398,1
108399,1
108400,1
108401,1
108402,1
108403,1
108404,1
108405,1
108406,1
108407,1
108408,1
108409,1
108410,1
108411,1
108412,1
108413,1
108414,1
108415,1
108416,1
108417,1
108418,1
108419,1
108420,1
108421,1
108422,1
108423,1
108424,1
108425,1
108426,1
108427,1
108428,1
108429,1
108430,1
108431,1
108432,1
108433,1
108434,1
108435,1
108436,1
108437,1
108438,1
108439,1
108440,1
108441,1
108442,1
108443,1
108444,1
108445,1
108446,1
108447,1
108448,1
108449,1
108450,1
108451,1
108452,1
108453,1
108454,1
108455,1
108456,1
108457,1
108458,1
108459,1
108460,1
108461,1
108462,1
108463,1
108464,1
108465,1
108466,1
108467,1
108468,1
108469,1
108470,1
108471,1
108472,1
108473,1
108474,1
108475,1
108476,1
108477,1
108478,1
108479,1
108480,1
108481,1
108482,1
108483,1
108484,1
108485,1
108486,1
108487,1
108488,1
108489,1
108490,1
108491,1
108492,1
108493,1
108494,1
108495,1
108496,1
108497,1
108498,1
108499,1
108500,1
108501,1
108502,1
108503,1
108504,1
108505,1
108506,1
108507,1
108508,1
108509,1
108510,1
108511,1
108512,1
108513,1
108514,1
108515,1
108516,1
108517,1
108518,1
108519,1
108520,1
108521,1
108522,1
108523,1
108524,1
108525,1
108526,1
108527,1
108528,1
108529,1
108530,1
108531,1
108532,1
108533,1
108534,1
108535,1
108536,1
108537,1
108538,1
108539,1
108540,1
108541,1
108542,1
108543,1
108544,1
108545,1
108546,1
108547,1
108548,1
108549,1
108550,1
108551,1
108552,1
108553,1
108554,1
108555,1
108556,1
108557,1
108558,1
108559,1
108560,1
108561,1
108562,1
108563,1
108564,1
108565,1
108566,1
108567,1
108568,1
108569,1
108570,1
108571,1
108572,1
108573,1
108574,1
108575,1
108576,1
108577,1
108578,1
108579,1
108580,1
108581,1
108582,1
108583,1
108584,1
108585,1
108586,1
108587,1
108588,1
108589,1
108590,1
108591,1
108592,1
108593,1
108594,1
108595,1
108596,1
108597,1
108598,1
108599,1
108600,1
108601,1
108602,1
108603,1
108604,1
108605,1
108606,1
108607,1
108608,1
108609,1
108610,1
108611,1
108612,1
108613,1
108614,1
108615,1
108616,1
108617,1
108618,1
108619,1
108620,1
108621,1
108622,1
108623,1
108624,1
108625,1
108626,1
108627,1
108628,1
108629,1
108630,1
108631,1
108632,1
108633,1
108634,1
108635,1
108636,1
108637,1
108638,1
108639,1
108640,1
108641,1
108642,1
108643,1
108644,1
108645,1
108646,1
108647,1
108648,1
108649,1
108650,1
108651,1
108652,1
108653,1
108654,1
108655,1
108656,1
108657,1
108658,1
108659,1
108660,1
108661,1
108662,1
108663,1
108664,1
108665,1
108666,1
108667,1
108668,1
108669,1
108670,1
108671,1
108672,1
108673,1
108674,1
108675,1
108676,1
108677,1
108678,1
108679,1
108680,1
108681,1
108682,1
108683,1
108684,1
108685,1
108686,1
108687,1
108688,1
108689,1
108690,1
108691,1
108692,1
108693,1
108694,1
108695,1
108696,1
108697,1
108698,1
108699,1
108700,1
108701,1
108702,1
108703,1
108704,1
108705,1
108706,1
108707,1
108708,1
108709,1
108710,1
108711,1
108712,1
108713,1
108714,1
108715,1
108716,1
108717,1
108718,1
108719,1
108720,1
108721,1
108722,1
108723,1
108724,1
108725,1
108726,1
108727,1
108728,1
108729,1
108730,1
108731,1
108732,1
108733,1
108734,1
108735,1
108736,1
108737,1
108738,1
108739,1
108740,1
108741,1
108742,1
108743,1
108744,1
108745,1
108746,1
108747,1
108748,1
108749,1
108750,1
108751,1
108752,1
108753,1
108754,1
108755,1
108756,1
108757,1
108758,1
108759,1
108760,1
108761,1
108762,1
108763,1
108764,1
108765,1
108766,1
108767,1
108768,1
108769,1
108770,1
108771,1
108772,1
108773,1
108774,1
108775,1
108776,1
108777,1
108778,1
108779,1
108780,1
108781,1
108782,1
108783,1
108784,1
108785,1
108786,1
108787,1
108788,1
108789,1
108790,1
108791,1
108792,1
108793,1
108794,1
108795,1
108796,1
108797,1
108798,1
108799,1
108800,1
108801,1
108802,1
108803,1
108804,1
108805,1
108806,1
108807,1
108808,1
108809,1
108810,1
108811,1
108812,1
108813,1
108814,1
108815,1
108816,1
108817,1
108818,1
108819,1
108820,1
108821,1
108822,1
108823,1
108824,1
108825,1
108826,1
108827,1
108828,1
108829,1
108830,1
108831,1
108832,1
108833,1
108834,1
108835,1
108836,1
108837,1
108838,1
108839,1
108840,1
108841,1
108842,1
108843,1
108844,1
108845,1
108846,1
108847,1
108848,1
108849,1
108850,1
108851,1
108852,1
108853,1
108854,1
108855,1
108856,1
108857,1
108858,1
108859,1
108860,1
108861,1
108862,1
108863,1
108864,1
108865,1
108866,1
108867,1
108868,1
108869,1
108870,1
108871,1
108872,1
108873,1
108874,1
108875,1
108876,1
108877,1
108878,1
108879,1
108880,1
108881,1
108882,1
108883,1
108884,1
108885,1
108886,1
108887,1
108888,1
108889,1
108890,1
108891,1
108892,1
108893,1
108894,1
108895,1
108896,1
108897,1
108898,1
108899,1
108900,1
108901,1
108902,1
108903,1
108904,1
108905,1
108906,1
108907,1
108908,1
108909,1
108910,1
108911,1
108912,1
108913,1
108914,1
108915,1
108916,1
108917,1
108918,1
108919,1
108920,1
108921,1
108922,1
108923,1
108924,1
108925,1
108926,1
108927,1
108928,1
108929,1
108930,1
108931,1
108932,1
108933,1
108934,1
108935,1
108936,1
108937,1
108938,1
108939,1
108940,1
108941,1
108942,1
108943,1
108944,1
108945,1
108946,1
108947,1
108948,1
108949,1
108950,1
108951,1
108952,1
108953,1
108954,1
108955,1
108956,1
108957,1
108958,1
108959,1
108960,1
108961,1
108962,1
108963,1
108964,1
108965,1
108966,1
108967,1
108968,1
108969,1
108970,1
108971,1
108972,1
108973,1
108974,1
108975,1
108976,1
108977,1
108978,1
108979,1
108980,1
108981,1
108982,1
108983,1
108984,1
108985,1
108986,1
108987,1
108988,1
108989,1
108990,1
108991,1
108992,1
108993,1
108994,1
108995,1
108996,1
108997,1
108998,1
108999,1
109000,1
109001,1
109002,1
109003,1
109004,1
109005,1
109006,1
109007,1
109008,1
109009,1
109010,1
109011,1
109012,1
109013,1
109014,1
109015,1
109016,1
109017,1
109018,1
109019,1
109020,1
109021,1
109022,1
109023,1
109024,1
109025,1
109026,1
109027,1
109028,1
109029,1
109030,1
109031,1
109032,1
109033,1
109034,1
109035,1
109036,1
109037,1
109038,1
109039,1
109040,1
109041,1
109042,1
109043,1
109044,1
109045,1
109046,1
109047,1
109048,1
109049,1
109050,1
109051,1
109052,1
109053,1
109054,1
109055,1
109056,1
109057,1
109058,1
109059,1
109060,1
109061,1
109062,1
109063,1
109064,1
109065,1
109066,1
109067,1
109068,1
109069,1
109070,1
109071,1
109072,1
109073,1
109074,1
109075,1
109076,1
109077,1
109078,1
109079,1
109080,1
109081,1
109082,1
109083,1
109084,1
109085,1
109086,1
109087,1
109088,1
109089,1
109090,1
109091,1
109092,1
109093,1
109094,1
109095,1
109096,1
109097,1
109098,1
109099,1
109100,1
109101,1
109102,1
109103,1
109104,1
109105,1
109106,1
109107,1
109108,1
109109,1
109110,1
109111,1
109112,1
109113,1
109114,1
109115,1
109116,1
109117,1
109118,1
109119,1
109120,1
109121,1
109122,1
109123,1
109124,1
109125,1
109126,1
109127,1
109128,1
109129,1
109130,1
109131,1
109132,1
109133,1
109134,1
109135,1
109136,1
109137,1
109138,1
109139,1
109140,1
109141,1
109142,1
109143,1
109144,1
109145,1
109146,1
109147,1
109148,1
109149,1
109150,1
109151,1
109152,1
109153,1
109154,1
109155,1
109156,1
109157,1
109158,1
109159,1
109160,1
109161,1
109162,1
109163,1
109164,1
109165,1
109166,1
109167,1
109168,1
109169,1
109170,1
109171,1
109172,1
109173,1
109174,1
109175,1
109176,1
109177,1
109178,1
109179,1
109180,1
109181,1
109182,1
109183,1
109184,1
109185,1
109186,1
109187,1
109188,1
109189,1
109190,1
109191,1
109192,1
109193,1
109194,1
109195,1
109196,1
109197,1
109198,1
109199,1
109200,1
109201,1
109202,1
109203,1
109204,1
109205,1
109206,1
109207,1
109208,1
109209,1
109210,1
109211,1
109212,1
109213,1
109214,1
109215,1
109216,1
109217,1
109218,1
109219,1
109220,1
109221,1
109222,1
109223,1
109224,1
109225,1
109226,1
109227,1
109228,1
109229,1
109230,1
109231,1
109232,1
109233,1
109234,1
109235,1
109236,1
109237,1
109238,1
109239,1
109240,1
109241,1
109242,1
109243,1
109244,1
109245,1
109246,1
109247,1
109248,1
109249,1
109250,1
109251,1
109252,1
109253,1
109254,1
109255,1
109256,1
109257,1
109258,1
109259,1
109260,1
109261,1
109262,1
109263,1
109264,1
109265,1
109266,1
109267,1
109268,1
109269,1
109270,1
109271,1
109272,1
109273,1
109274,1
109275,1
109276,1
109277,1
109278,1
109279,1
109280,1
109281,1
109282,1
109283,1
109284,1
109285,1
109286,1
109287,1
109288,1
109289,1
109290,1
109291,1
109292,1
109293,1
109294,1
109295,1
109296,1
109297,1
109298,1
109299,1
109300,1
109301,1
109302,1
109303,1
109304,1
109305,1
109306,1
109307,1
109308,1
109309,1
109310,1
109311,1
109312,1
109313,1
109314,1
109315,1
109316,1
109317,1
109318,1
109319,1
109320,1
109321,1
109322,1
109323,1
109324,1
109325,1
109326,1
109327,1
109328,1
109329,1
109330,1
109331,1
109332,1
109333,1
109334,1
109335,1
109336,1
109337,1
109338,1
109339,1
109340,1
109341,1
109342,1
109343,1
109344,1
109345,1
109346,1
109347,1
109348,1
109349,1
109350,1
109351,1
109352,1
109353,1
109354,1
109355,1
109356,1
109357,1
109358,1
109359,1
109360,1
109361,1
109362,1
109363,1
109364,1
109365,1
109366,1
109367,1
109368,1
109369,1
109370,1
109371,1
109372,1
109373,1
109374,1
109375,1
109376,1
109377,1
109378,1
109379,1
109380,1
109381,1
109382,1
109383,1
109384,1
109385,1
109386,1
109387,1
109388,1
109389,1
109390,1
109391,1
109392,1
109393,1
109394,1
109395,1
109396,1
109397,1
109398,1
109399,1
109400,1
109401,1
109402,1
109403,1
109404,1
109405,1
109406,1
109407,1
109408,1
109409,1
109410,1
109411,1
109412,1
109413,1
109414,1
109415,1
109416,1
109417,1
109418,1
109419,1
109420,1
109421,1
109422,1
109423,1
109424,1
109425,1
109426,1
109427,1
109428,1
109429,1
109430,1
109431,1
109432,1
109433,1
109434,1
109435,1
109436,1
109437,1
109438,1
109439,1
109440,1
109441,1
109442,1
109443,1
109444,1
109445,1
109446,1
109447,1
109448,1
109449,1
109450,1
109451,1
109452,1
109453,1
109454,1
109455,1
109456,1
109457,1
109458,1
109459,1
109460,1
109461,1
109462,1
109463,1
109464,1
109465,1
109466,1
109467,1
109468,1
109469,1
109470,1
109471,1
109472,1
109473,1
109474,1
109475,1
109476,1
109477,1
109478,1
109479,1
109480,1
109481,1
109482,1
109483,1
109484,1
109485,1
109486,1
109487,1
109488,1
109489,1
109490,1
109491,1
109492,1
109493,1
109494,1
109495,1
109496,1
109497,1
109498,1
109499,1
109500,1
109501,1
109502,1
109503,1
109504,1
109505,1
109506,1
109507,1
109508,1
109509,1
109510,1
109511,1
109512,1
109513,1
109514,1
109515,1
109516,1
109517,1
109518,1
109519,1
109520,1
109521,1
109522,1
109523,1
109524,1
109525,1
109526,1
109527,1
109528,1
109529,1
109530,1
109531,1
109532,1
109533,1
109534,1
109535,1
109536,1
109537,1
109538,1
109539,1
109540,1
109541,1
109542,1
109543,1
109544,1
109545,1
109546,1
109547,1
109548,1
109549,1
109550,1
109551,1
109552,1
109553,1
109554,1
109555,1
109556,1
109557,1
109558,1
109559,1
109560,1
109561,1
109562,1
109563,1
109564,1
109565,1
109566,1
109567,1
109568,1
109569,1
109570,1
109571,1
109572,1
109573,1
109574,1
109575,1
109576,1
109577,1
109578,1
109579,1
109580,1
109581,1
109582,1
109583,1
109584,1
109585,1
109586,1
109587,1
109588,1
109589,1
109590,1
109591,1
109592,1
109593,1
109594,1
109595,1
109596,1
109597,1
109598,1
109599,1
109600,1
109601,1
109602,1
109603,1
109604,1
109605,1
109606,1
109607,1
109608,1
109609,1
109610,1
109611,1
109612,1
109613,1
109614,1
109615,1
109616,1
109617,1
109618,1
109619,1
109620,1
109621,1
109622,1
109623,1
109624,1
109625,1
109626,1
109627,1
109628,1
109629,1
109630,1
109631,1
109632,1
109633,1
109634,1
109635,1
109636,1
109637,1
109638,1
109639,1
109640,1
109641,1
109642,1
109643,1
109644,1
109645,1
109646,1
109647,1
109648,1
109649,1
109650,1
109651,1
109652,1
109653,1
109654,1
109655,1
109656,1
109657,1
109658,1
109659,1
109660,1
109661,1
109662,1
109663,1
109664,1
109665,1
109666,1
109667,1
109668,1
109669,1
109670,1
109671,1
109672,1
109673,1
109674,1
109675,1
109676,1
109677,1
109678,1
109679,1
109680,1
109681,1
109682,1
109683,1
109684,1
109685,1
109686,1
109687,1
109688,1
109689,1
109690,1
109691,1
109692,1
109693,1
109694,1
109695,1
109696,1
109697,1
109698,1
109699,1
109700,1
109701,1
109702,1
109703,1
109704,1
109705,1
109706,1
109707,1
109708,1
109709,1
109710,1
109711,1
109712,1
109713,1
109714,1
109715,1
109716,1
109717,1
109718,1
109719,1
109720,1
109721,1
109722,1
109723,1
109724,1
109725,1
109726,1
109727,1
109728,1
109729,1
109730,1
109731,1
109732,1
109733,1
109734,1
109735,1
109736,1
109737,1
109738,1
109739,1
109740,1
109741,1
109742,1
109743,1
109744,1
109745,1
109746,1
109747,1
109748,1
109749,1
109750,1
109751,1
109752,1
109753,1
109754,1
109755,1
109756,1
109757,1
109758,1
109759,1
109760,1
109761,1
109762,1
109763,1
109764,1
109765,1
109766,1
109767,1
109768,1
109769,1
109770,1
109771,1
109772,1
109773,1
109774,1
109775,1
109776,1
109777,1
109778,1
109779,1
109780,1
109781,1
109782,1
109783,1
109784,1
109785,1
109786,1
109787,1
109788,1
109789,1
109790,1
109791,1
109792,1
109793,1
109794,1
109795,1
109796,1
109797,1
109798,1
109799,1
109800,1
109801,1
109802,1
109803,1
109804,1
109805,1
109806,1
109807,1
109808,1
109809,1
109810,1
109811,1
109812,1
109813,1
109814,1
109815,1
109816,1
109817,1
109818,1
109819,1
109820,1
109821,1
109822,1
109823,1
109824,1
109825,1
109826,1
109827,1
109828,1
109829,1
109830,1
109831,1
109832,1
109833,1
109834,1
109835,1
109836,1
109837,1
109838,1
109839,1
109840,1
109841,1
109842,1
109843,1
109844,1
109845,1
109846,1
109847,1
109848,1
109849,1
109850,1
109851,1
109852,1
109853,1
109854,1
109855,1
109856,1
109857,1
109858,1
109859,1
109860,1
109861,1
109862,1
109863,1
109864,1
109865,1
109866,1
109867,1
109868,1
109869,1
109870,1
109871,1
109872,1
109873,1
109874,1
109875,1
109876,1
109877,1
109878,1
109879,1
109880,1
109881,1
109882,1
109883,1
109884,1
109885,1
109886,1
109887,1
109888,1
109889,1
109890,1
109891,1
109892,1
109893,1
109894,1
109895,1
109896,1
109897,1
109898,1
109899,1
109900,1
109901,1
109902,1
109903,1
109904,1
109905,1
109906,1
109907,1
109908,1
109909,1
109910,1
109911,1
109912,1
109913,1
109914,1
109915,1
109916,1
109917,1
109918,1
109919,1
109920,1
109921,1
109922,1
109923,1
109924,1
109925,1
109926,1
109927,1
109928,1
109929,1
109930,1
109931,1
109932,1
109933,1
109934,1
109935,1
109936,1
109937,1
109938,1
109939,1
109940,1
109941,1
109942,1
109943,1
109944,1
109945,1
109946,1
109947,1
109948,1
109949,1
109950,1
109951,1
109952,1
109953,1
109954,1
109955,1
109956,1
109957,1
109958,1
109959,1
109960,1
109961,1
109962,1
109963,1
109964,1
109965,1
109966,1
109967,1
109968,1
109969,1
109970,1
109971,1
109972,1
109973,1
109974,1
109975,1
109976,1
109977,1
109978,1
109979,1
109980,1
109981,1
109982,1
109983,1
109984,1
109985,1
109986,1
109987,1
109988,1
109989,1
109990,1
109991,1
109992,1
109993,1
109994,1
109995,1
109996,1
109997,1
109998,1
109999,1
110000,1
110001,1
110002,1
110003,1
110004,1
110005,1
110006,1
110007,1
110008,1
110009,1
110010,1
110011,1
110012,1
110013,1
110014,1
110015,1
110016,1
110017,1
110018,1
110019,1
110020,1
110021,1
110022,1
110023,1
110024,1
110025,1
110026,1
110027,1
110028,1
110029,1
110030,1
110031,1
110032,1
110033,1
110034,1
110035,1
110036,1
110037,1
110038,1
110039,1
110040,1
110041,1
110042,1
110043,1
110044,1
110045,1
110046,1
110047,1
110048,1
110049,1
110050,1
110051,1
110052,1
110053,1
110054,1
110055,1
110056,1
110057,1
110058,1
110059,1
110060,1
110061,1
110062,1
110063,1
110064,1
110065,1
110066,1
110067,1
110068,1
110069,1
110070,1
110071,1
110072,1
110073,1
110074,1
110075,1
110076,1
110077,1
110078,1
110079,1
110080,1
110081,1
110082,1
110083,1
110084,1
110085,1
110086,1
110087,1
110088,1
110089,1
110090,1
110091,1
110092,1
110093,1
110094,1
110095,1
110096,1
110097,1
110098,1
110099,1
110100,1
110101,1
110102,1
110103,1
110104,1
110105,1
110106,1
110107,1
110108,1
110109,1
110110,1
110111,1
110112,1
110113,1
110114,1
110115,1
110116,1
110117,1
110118,1
110119,1
110120,1
110121,1
110122,1
110123,1
110124,1
110125,1
110126,1
110127,1
110128,1
110129,1
110130,1
110131,1
110132,1
110133,1
110134,1
110135,1
110136,1
110137,1
110138,1
110139,1
110140,1
110141,1
110142,1
110143,1
110144,1
110145,1
110146,1
110147,1
110148,1
110149,1
110150,1
110151,1
110152,1
110153,1
110154,1
110155,1
110156,1
110157,1
110158,1
110159,1
110160,1
110161,1
110162,1
110163,1
110164,1
110165,1
110166,1
110167,1
110168,1
110169,1
110170,1
110171,1
110172,1
110173,1
110174,1
110175,1
110176,1
110177,1
110178,1
110179,1
110180,1
110181,1
110182,1
110183,1
110184,1
110185,1
110186,1
110187,1
110188,1
110189,1
110190,1
110191,1
110192,1
110193,1
110194,1
110195,1
110196,1
110197,1
110198,1
110199,1
110200,1
110201,1
110202,1
110203,1
110204,1
110205,1
110206,1
110207,1
110208,1
110209,1
110210,1
110211,1
110212,1
110213,1
110214,1
110215,1
110216,1
110217,1
110218,1
110219,1
110220,1
110221,1
110222,1
110223,1
110224,1
110225,1
110226,1
110227,1
110228,1
110229,1
110230,1
110231,1
110232,1
110233,1
110234,1
110235,1
110236,1
110237,1
110238,1
110239,1
110240,1
110241,1
110242,1
110243,1
110244,1
110245,1
110246,1
110247,1
110248,1
110249,1
110250,1
110251,1
110252,1
110253,1
110254,1
110255,1
110256,1
110257,1
110258,1
110259,1
110260,1
110261,1
110262,1
110263,1
110264,1
110265,1
110266,1
110267,1
110268,1
110269,1
110270,1
110271,1
110272,1
110273,1
110274,1
110275,1
110276,1
110277,1
110278,1
110279,1
110280,1
110281,1
110282,1
110283,1
110284,1
110285,1
110286,1
110287,1
110288,1
110289,1
110290,1
110291,1
110292,1
110293,1
110294,1
110295,1
110296,1
110297,1
110298,1
110299,1
110300,1
110301,1
110302,1
110303,1
110304,1
110305,1
110306,1
110307,1
110308,1
110309,1
110310,1
110311,1
110312,1
110313,1
110314,1
110315,1
110316,1
110317,1
110318,1
110319,1
110320,1
110321,1
110322,1
110323,1
110324,1
110325,1
110326,1
110327,1
110328,1
110329,1
110330,1
110331,1
110332,1
110333,1
110334,1
110335,1
110336,1
110337,1
110338,1
110339,1
110340,1
110341,1
110342,1
110343,1
110344,1
110345,1
110346,1
110347,1
110348,1
110349,1
110350,1
110351,1
110352,1
110353,1
110354,1
110355,1
110356,1
110357,1
110358,1
110359,1
110360,1
110361,1
110362,1
110363,1
110364,1
110365,1
110366,1
110367,1
110368,1
110369,1
110370,1
110371,1
110372,1
110373,1
110374,1
110375,1
110376,1
110377,1
110378,1
110379,1
110380,1
110381,1
110382,1
110383,1
110384,1
110385,1
110386,1
110387,1
110388,1
110389,1
110390,1
110391,1
110392,1
110393,1
110394,1
110395,1
110396,1
110397,1
110398,1
110399,1
110400,1
110401,1
110402,1
110403,1
110404,1
110405,1
110406,1
110407,1
110408,1
110409,1
110410,1
110411,1
110412,1
110413,1
110414,1
110415,1
110416,1
110417,1
110418,1
110419,1
110420,1
110421,1
110422,1
110423,1
110424,1
110425,1
110426,1
110427,1
110428,1
110429,1
110430,1
110431,1
110432,1
110433,1
110434,1
110435,1
110436,1
110437,1
110438,1
110439,1
110440,1
110441,1
110442,1
110443,1
110444,1
110445,1
110446,1
110447,1
110448,1
110449,1
110450,1
110451,1
110452,1
110453,1
110454,1
110455,1
110456,1
110457,1
110458,1
110459,1
110460,1
110461,1
110462,1
110463,1
110464,1
110465,1
110466,1
110467,1
110468,1
110469,1
110470,1
110471,1
110472,1
110473,1
110474,1
110475,1
110476,1
110477,1
110478,1
110479,1
110480,1
110481,1
110482,1
110483,1
110484,1
110485,1
110486,1
110487,1
110488,1
110489,1
110490,1
110491,1
110492,1
110493,1
110494,1
110495,1
110496,1
110497,1
110498,1
110499,1
110500,1
110501,1
110502,1
110503,1
110504,1
110505,1
110506,1
110507,1
110508,1
110509,1
110510,1
110511,1
110512,1
110513,1
110514,1
110515,1
110516,1
110517,1
110518,1
110519,1
110520,1
110521,1
110522,1
110523,1
110524,1
110525,1
110526,1
110527,1
110528,1
110529,1
110530,1
110531,1
110532,1
110533,1
110534,1
110535,1
110536,1
110537,1
110538,1
110539,1
110540,1
110541,1
110542,1
110543,1
110544,1
110545,1
110546,1
110547,1
110548,1
110549,1
110550,1
110551,1
110552,1
110553,1
110554,1
110555,1
110556,1
110557,1
110558,1
110559,1
110560,1
110561,1
110562,1
110563,1
110564,1
110565,1
110566,1
110567,1
110568,1
110569,1
110570,1
110571,1
110572,1
110573,1
110574,1
110575,1
110576,1
110577,1
110578,1
110579,1
110580,1
110581,1
110582,1
110583,1
110584,1
110585,1
110586,1
110587,1
110588,1
110589,1
110590,1
110591,1
110592,1
110593,1
110594,1
110595,1
110596,1
110597,1
110598,1
110599,1
110600,1
110601,1
110602,1
110603,1
110604,1
110605,1
110606,1
110607,1
110608,1
110609,1
110610,1
110611,1
110612,1
110613,1
110614,1
110615,1
110616,1
110617,1
110618,1
110619,1
110620,1
110621,1
110622,1
110623,1
110624,1
110625,1
110626,1
110627,1
110628,1
110629,1
110630,1
110631,1
110632,1
110633,1
110634,1
110635,1
110636,1
110637,1
110638,1
110639,1
110640,1
110641,1
110642,1
110643,1
110644,1
110645,1
110646,1
110647,1
110648,1
110649,1
110650,1
110651,1
110652,1
110653,1
110654,1
110655,1
110656,1
110657,1
110658,1
110659,1
110660,1
110661,1
110662,1
110663,1
110664,1
110665,1
110666,1
110667,1
110668,1
110669,1
110670,1
110671,1
110672,1
110673,1
110674,1
110675,1
110676,1
110677,1
110678,1
110679,1
110680,1
110681,1
110682,1
110683,1
110684,1
110685,1
110686,1
110687,1
110688,1
110689,1
110690,1
110691,1
110692,1
110693,1
110694,1
110695,1
110696,1
110697,1
110698,1
110699,1
110700,1
110701,1
110702,1
110703,1
110704,1
110705,1
110706,1
110707,1
110708,1
110709,1
110710,1
110711,1
110712,1
110713,1
110714,1
110715,1
110716,1
110717,1
110718,1
110719,1
110720,1
110721,1
110722,1
110723,1
110724,1
110725,1
110726,1
110727,1
110728,1
110729,1
110730,1
110731,1
110732,1
110733,1
110734,1
110735,1
110736,1
110737,1
110738,1
110739,1
110740,1
110741,1
110742,1
110743,1
110744,1
110745,1
110746,1
110747,1
110748,1
110749,1
110750,1
110751,1
110752,1
110753,1
110754,1
110755,1
110756,1
110757,1
110758,1
110759,1
110760,1
110761,1
110762,1
110763,1
110764,1
110765,1
110766,1
110767,1
110768,1
110769,1
110770,1
110771,1
110772,1
110773,1
110774,1
110775,1
110776,1
110777,1
110778,1
110779,1
110780,1
110781,1
110782,1
110783,1
110784,1
110785,1
110786,1
110787,1
110788,1
110789,1
110790,1
110791,1
110792,1
110793,1
110794,1
110795,1
110796,1
110797,1
110798,1
110799,1
110800,1
110801,1
110802,1
110803,1
110804,1
110805,1
110806,1
110807,1
110808,1
110809,1
110810,1
110811,1
110812,1
110813,1
110814,1
110815,1
110816,1
110817,1
110818,1
110819,1
110820,1
110821,1
110822,1
110823,1
110824,1
110825,1
110826,1
110827,1
110828,1
110829,1
110830,1
110831,1
110832,1
110833,1
110834,1
110835,1
110836,1
110837,1
110838,1
110839,1
110840,1
110841,1
110842,1
110843,1
110844,1
110845,1
110846,1
110847,1
110848,1
110849,1
110850,1
110851,1
110852,1
110853,1
110854,1
110855,1
110856,1
110857,1
110858,1
110859,1
110860,1
110861,1
110862,1
110863,1
110864,1
110865,1
110866,1
110867,1
110868,1
110869,1
110870,1
110871,1
110872,1
110873,1
110874,1
110875,1
110876,1
110877,1
110878,1
110879,1
110880,1
110881,1
110882,1
110883,1
110884,1
110885,1
110886,1
110887,1
110888,1
110889,1
110890,1
110891,1
110892,1
110893,1
110894,1
110895,1
110896,1
110897,1
110898,1
110899,1
110900,1
110901,1
110902,1
110903,1
110904,1
110905,1
110906,1
110907,1
110908,1
110909,1
110910,1
110911,1
110912,1
110913,1
110914,1
110915,1
110916,1
110917,1
110918,1
110919,1
110920,1
110921,1
110922,1
110923,1
110924,1
110925,1
110926,1
110927,1
110928,1
110929,1
110930,1
110931,1
110932,1
110933,1
110934,1
110935,1
110936,1
110937,1
110938,1
110939,1
110940,1
110941,1
110942,1
110943,1
110944,1
110945,1
110946,1
110947,1
110948,1
110949,1
110950,1
110951,1
110952,1
110953,1
110954,1
110955,1
110956,1
110957,1
110958,1
110959,1
110960,1
110961,1
110962,1
110963,1
110964,1
110965,1
110966,1
110967,1
110968,1
110969,1
110970,1
110971,1
110972,1
110973,1
110974,1
110975,1
110976,1
110977,1
110978,1
110979,1
110980,1
110981,1
110982,1
110983,1
110984,1
110985,1
110986,1
110987,1
110988,1
110989,1
110990,1
110991,1
110992,1
110993,1
110994,1
110995,1
110996,1
110997,1
110998,1
110999,1
111000,1
111001,1
111002,1
111003,1
111004,1
111005,1
111006,1
111007,1
111008,1
111009,1
111010,1
111011,1
111012,1
111013,1
111014,1
111015,1
111016,1
111017,1
111018,1
111019,1
111020,1
111021,1
111022,1
111023,1
111024,1
111025,1
111026,1
111027,1
111028,1
111029,1
111030,1
111031,1
111032,1
111033,1
111034,1
111035,1
111036,1
111037,1
111038,1
111039,1
111040,1
111041,1
111042,1
111043,1
111044,1
111045,1
111046,1
111047,1
111048,1
111049,1
111050,1
111051,1
111052,1
111053,1
111054,1
111055,1
111056,1
111057,1
111058,1
111059,1
111060,1
111061,1
111062,1
111063,1
111064,1
111065,1
111066,1
111067,1
111068,1
111069,1
111070,1
111071,1
111072,1
111073,1
111074,1
111075,1
111076,1
111077,1
111078,1
111079,1
111080,1
111081,1
111082,1
111083,1
111084,1
111085,1
111086,1
111087,1
111088,1
111089,1
111090,1
111091,1
111092,1
111093,1
111094,1
111095,1
111096,1
111097,1
111098,1
111099,1
111100,1
111101,1
111102,1
111103,1
111104,1
111105,1
111106,1
111107,1
111108,1
111109,1
111110,1
111111,1
111112,1
111113,1
111114,1
111115,1
111116,1
111117,1
111118,1
111119,1
111120,1
111121,1
111122,1
111123,1
111124,1
111125,1
111126,1
111127,1
111128,1
111129,1
111130,1
111131,1
111132,1
111133,1
111134,1
111135,1
111136,1
111137,1
111138,1
111139,1
111140,1
111141,1
111142,1
111143,1
111144,1
111145,1
111146,1
111147,1
111148,1
111149,1
111150,1
111151,1
111152,1
111153,1
111154,1
111155,1
111156,1
111157,1
111158,1
111159,1
111160,1
111161,1
111162,1
111163,1
111164,1
111165,1
111166,1
111167,1
111168,1
111169,1
111170,1
111171,1
111172,1
111173,1
111174,1
111175,1
111176,1
111177,1
111178,1
111179,1
111180,1
111181,1
111182,1
111183,1
111184,1
111185,1
111186,1
111187,1
111188,1
111189,1
111190,1
111191,1
111192,1
111193,1
111194,1
111195,1
111196,1
111197,1
111198,1
111199,1
111200,1
111201,1
111202,1
111203,1
111204,1
111205,1
111206,1
111207,1
111208,1
111209,1
111210,1
111211,1
111212,1
111213,1
111214,1
111215,1
111216,1
111217,1
111218,1
111219,1
111220,1
111221,1
111222,1
111223,1
111224,1
111225,1
111226,1
111227,1
111228,1
111229,1
111230,1
111231,1
111232,1
111233,1
111234,1
111235,1
111236,1
111237,1
111238,1
111239,1
111240,1
111241,1
111242,1
111243,1
111244,1
111245,1
111246,1
111247,1
111248,1
111249,1
111250,1
111251,1
111252,1
111253,1
111254,1
111255,1
111256,1
111257,1
111258,1
111259,1
111260,1
111261,1
111262,1
111263,1
111264,1
111265,1
111266,1
111267,1
111268,1
111269,1
111270,1
111271,1
111272,1
111273,1
111274,1
111275,1
111276,1
111277,1
111278,1
111279,1
111280,1
111281,1
111282,1
111283,1
111284,1
111285,1
111286,1
111287,1
111288,1
111289,1
111290,1
111291,1
111292,1
111293,1
111294,1
111295,1
111296,1
111297,1
111298,1
111299,1
111300,1
111301,1
111302,1
111303,1
111304,1
111305,1
111306,1
111307,1
111308,1
111309,1
111310,1
111311,1
111312,1
111313,1
111314,1
111315,1
111316,1
111317,1
111318,1
111319,1
111320,1
111321,1
111322,1
111323,1
111324,1
111325,1
111326,1
111327,1
111328,1
111329,1
111330,1
111331,1
111332,1
111333,1
111334,1
111335,1
111336,1
111337,1
111338,1
111339,1
111340,1
111341,1
111342,1
111343,1
111344,1
111345,1
111346,1
111347,1
111348,1
111349,1
111350,1
111351,1
111352,1
111353,1
111354,1
111355,1
111356,1
111357,1
111358,1
111359,1
111360,1
111361,1
111362,1
111363,1
111364,1
111365,1
111366,1
111367,1
111368,1
111369,1
111370,1
111371,1
111372,1
111373,1
111374,1
111375,1
111376,1
111377,1
111378,1
111379,1
111380,1
111381,1
111382,1
111383,1
111384,1
111385,1
111386,1
111387,1
111388,1
111389,1
111390,1
111391,1
111392,1
111393,1
111394,1
111395,1
111396,1
111397,1
111398,1
111399,1
111400,1
111401,1
111402,1
111403,1
111404,1
111405,1
111406,1
111407,1
111408,1
111409,1
111410,1
111411,1
111412,1
111413,1
111414,1
111415,1
111416,1
111417,1
111418,1
111419,1
111420,1
111421,1
111422,1
111423,1
111424,1
111425,1
111426,1
111427,1
111428,1
111429,1
111430,1
111431,1
111432,1
111433,1
111434,1
111435,1
111436,1
111437,1
111438,1
111439,1
111440,1
111441,1
111442,1
111443,1
111444,1
111445,1
111446,1
111447,1
111448,1
111449,1
111450,1
111451,1
111452,1
111453,1
111454,1
111455,1
111456,1
111457,1
111458,1
111459,1
111460,1
111461,1
111462,1
111463,1
111464,1
111465,1
111466,1
111467,1
111468,1
111469,1
111470,1
111471,1
111472,1
111473,1
111474,1
111475,1
111476,1
111477,1
111478,1
111479,1
111480,1
111481,1
111482,1
111483,1
111484,1
111485,1
111486,1
111487,1
111488,1
111489,1
111490,1
111491,1
111492,1
111493,1
111494,1
111495,1
111496,1
111497,1
111498,1
111499,1
111500,1
111501,1
111502,1
111503,1
111504,1
111505,1
111506,1
111507,1
111508,1
111509,1
111510,1
111511,1
111512,1
111513,1
111514,1
111515,1
111516,1
111517,1
111518,1
111519,1
111520,1
111521,1
111522,1
111523,1
111524,1
111525,1
111526,1
111527,1
111528,1
111529,1
111530,1
111531,1
111532,1
111533,1
111534,1
111535,1
111536,1
111537,1
111538,1
111539,1
111540,1
111541,1
111542,1
111543,1
111544,1
111545,1
111546,1
111547,1
111548,1
111549,1
111550,1
111551,1
111552,1
111553,1
111554,1
111555,1
111556,1
111557,1
111558,1
111559,1
111560,1
111561,1
111562,1
111563,1
111564,1
111565,1
111566,1
111567,1
111568,1
111569,1
111570,1
111571,1
111572,1
111573,1
111574,1
111575,1
111576,1
111577,1
111578,1
111579,1
111580,1
111581,1
111582,1
111583,1
111584,1
111585,1
111586,1
111587,1
111588,1
111589,1
111590,1
111591,1
111592,1
111593,1
111594,1
111595,1
111596,1
111597,1
111598,1
111599,1
111600,1
111601,1
111602,1
111603,1
111604,1
111605,1
111606,1
111607,1
111608,1
111609,1
111610,1
111611,1
111612,1
111613,1
111614,1
111615,1
111616,1
111617,1
111618,1
111619,1
111620,1
111621,1
111622,1
111623,1
111624,1
111625,1
111626,1
111627,1
111628,1
111629,1
111630,1
111631,1
111632,1
111633,1
111634,1
111635,1
111636,1
111637,1
111638,1
111639,1
111640,1
111641,1
111642,1
111643,1
111644,1
111645,1
111646,1
111647,1
111648,1
111649,1
111650,1
111651,1
111652,1
111653,1
111654,1
111655,1
111656,1
111657,1
111658,1
111659,1
111660,1
111661,1
111662,1
111663,1
111664,1
111665,1
111666,1
111667,1
111668,1
111669,1
111670,1
111671,1
111672,1
111673,1
111674,1
111675,1
111676,1
111677,1
111678,1
111679,1
111680,1
111681,1
111682,1
111683,1
111684,1
111685,1
111686,1
111687,1
111688,1
111689,1
111690,1
111691,1
111692,1
111693,1
111694,1
111695,1
111696,1
111697,1
111698,1
111699,1
111700,1
111701,1
111702,1
111703,1
111704,1
111705,1
111706,1
111707,1
111708,1
111709,1
111710,1
111711,1
111712,1
111713,1
111714,1
111715,1
111716,1
111717,1
111718,1
111719,1
111720,1
111721,1
111722,1
111723,1
111724,1
111725,1
111726,1
111727,1
111728,1
111729,1
111730,1
111731,1
111732,1
111733,1
111734,1
111735,1
111736,1
111737,1
111738,1
111739,1
111740,1
111741,1
111742,1
111743,1
111744,1
111745,1
111746,1
111747,1
111748,1
111749,1
111750,1
111751,1
111752,1
111753,1
111754,1
111755,1
111756,1
111757,1
111758,1
111759,1
111760,1
111761,1
111762,1
111763,1
111764,1
111765,1
111766,1
111767,1
111768,1
111769,1
111770,1
111771,1
111772,1
111773,1
111774,1
111775,1
111776,1
111777,1
111778,1
111779,1
111780,1
111781,1
111782,1
111783,1
111784,1
111785,1
111786,1
111787,1
111788,1
111789,1
111790,1
111791,1
111792,1
111793,1
111794,1
111795,1
111796,1
111797,1
111798,1
111799,1
111800,1
111801,1
111802,1
111803,1
111804,1
111805,1
111806,1
111807,1
111808,1
111809,1
111810,1
111811,1
111812,1
111813,1
111814,1
111815,1
111816,1
111817,1
111818,1
111819,1
111820,1
111821,1
111822,1
111823,1
111824,1
111825,1
111826,1
111827,1
111828,1
111829,1
111830,1
111831,1
111832,1
111833,1
111834,1
111835,1
111836,1
111837,1
111838,1
111839,1
111840,1
111841,1
111842,1
111843,1
111844,1
111845,1
111846,1
111847,1
111848,1
111849,1
111850,1
111851,1
111852,1
111853,1
111854,1
111855,1
111856,1
111857,1
111858,1
111859,1
111860,1
111861,1
111862,1
111863,1
111864,1
111865,1
111866,1
111867,1
111868,1
111869,1
111870,1
111871,1
111872,1
111873,1
111874,1
111875,1
111876,1
111877,1
111878,1
111879,1
111880,1
111881,1
111882,1
111883,1
111884,1
111885,1
111886,1
111887,1
111888,1
111889,1
111890,1
111891,1
111892,1
111893,1
111894,1
111895,1
111896,1
111897,1
111898,1
111899,1
111900,1
111901,1
111902,1
111903,1
111904,1
111905,1
111906,1
111907,1
111908,1
111909,1
111910,1
111911,1
111912,1
111913,1
111914,1
111915,1
111916,1
111917,1
111918,1
111919,1
111920,1
111921,1
111922,1
111923,1
111924,1
111925,1
111926,1
111927,1
111928,1
111929,1
111930,1
111931,1
111932,1
111933,1
111934,1
111935,1
111936,1
111937,1
111938,1
111939,1
111940,1
111941,1
111942,1
111943,1
111944,1
111945,1
111946,1
111947,1
111948,1
111949,1
111950,1
111951,1
111952,1
111953,1
111954,1
111955,1
111956,1
111957,1
111958,1
111959,1
111960,1
111961,1
111962,1
111963,1
111964,1
111965,1
111966,1
111967,1
111968,1
111969,1
111970,1
111971,1
111972,1
111973,1
111974,1
111975,1
111976,1
111977,1
111978,1
111979,1
111980,1
111981,1
111982,1
111983,1
111984,1
111985,1
111986,1
111987,1
111988,1
111989,1
111990,1
111991,1
111992,1
111993,1
111994,1
111995,1
111996,1
111997,1
111998,1
111999,1
112000,1
112001,1
112002,1
112003,1
112004,1
112005,1
112006,1
112007,1
112008,1
112009,1
112010,1
112011,1
112012,1
112013,1
112014,1
112015,1
112016,1
112017,1
112018,1
112019,1
112020,1
112021,1
112022,1
112023,1
112024,1
112025,1
112026,1
112027,1
112028,1
112029,1
112030,1
112031,1
112032,1
112033,1
112034,1
112035,1
112036,1
112037,1
112038,1
112039,1
112040,1
112041,1
112042,1
112043,1
112044,1
112045,1
112046,1
112047,1
112048,1
112049,1
112050,1
112051,1
112052,1
112053,1
112054,1
112055,1
112056,1
112057,1
112058,1
112059,1
112060,1
112061,1
112062,1
112063,1
112064,1
112065,1
112066,1
112067,1
112068,1
112069,1
112070,1
112071,1
112072,1
112073,1
112074,1
112075,1
112076,1
112077,1
112078,1
112079,1
112080,1
112081,1
112082,1
112083,1
112084,1
112085,1
112086,1
112087,1
112088,1
112089,1
112090,1
112091,1
112092,1
112093,1
112094,1
112095,1
112096,1
112097,1
112098,1
112099,1
112100,1
112101,1
112102,1
112103,1
112104,1
112105,1
112106,1
112107,1
112108,1
112109,1
112110,1
112111,1
112112,1
112113,1
112114,1
112115,1
112116,1
112117,1
112118,1
112119,1
112120,1
112121,1
112122,1
112123,1
112124,1
112125,1
112126,1
112127,1
112128,1
112129,1
112130,1
112131,1
112132,1
112133,1
112134,1
112135,1
112136,1
112137,1
112138,1
112139,1
112140,1
112141,1
112142,1
112143,1
112144,1
112145,1
112146,1
112147,1
112148,1
112149,1
112150,1
112151,1
112152,1
112153,1
112154,1
112155,1
112156,1
112157,1
112158,1
112159,1
112160,1
112161,1
112162,1
112163,1
112164,1
112165,1
112166,1
112167,1
112168,1
112169,1
112170,1
112171,1
112172,1
112173,1
112174,1
112175,1
112176,1
112177,1
112178,1
112179,1
112180,1
112181,1
112182,1
112183,1
112184,1
112185,1
112186,1
112187,1
112188,1
112189,1
112190,1
112191,1
112192,1
112193,1
112194,1
112195,1
112196,1
112197,1
112198,1
112199,1
112200,1
112201,1
112202,1
112203,1
112204,1
112205,1
112206,1
112207,1
112208,1
112209,1
112210,1
112211,1
112212,1
112213,1
112214,1
112215,1
112216,1
112217,1
112218,1
112219,1
112220,1
112221,1
112222,1
112223,1
112224,1
112225,1
112226,1
112227,1
112228,1
112229,1
112230,1
112231,1
112232,1
112233,1
112234,1
112235,1
112236,1
112237,1
112238,1
112239,1
112240,1
112241,1
112242,1
112243,1
112244,1
112245,1
112246,1
112247,1
112248,1
112249,1
112250,1
112251,1
112252,1
112253,1
112254,1
112255,1
112256,1
112257,1
112258,1
112259,1
112260,1
112261,1
112262,1
112263,1
112264,1
112265,1
112266,1
112267,1
112268,1
112269,1
112270,1
112271,1
112272,1
112273,1
112274,1
112275,1
112276,1
112277,1
112278,1
112279,1
112280,1
112281,1
112282,1
112283,1
112284,1
112285,1
112286,1
112287,1
112288,1
112289,1
112290,1
112291,1
112292,1
112293,1
112294,1
112295,1
112296,1
112297,1
112298,1
112299,1
112300,1
112301,1
112302,1
112303,1
112304,1
112305,1
112306,1
112307,1
112308,1
112309,1
112310,1
112311,1
112312,1
112313,1
112314,1
112315,1
112316,1
112317,1
112318,1
112319,1
112320,1
112321,1
112322,1
112323,1
112324,1
112325,1
112326,1
112327,1
112328,1
112329,1
112330,1
112331,1
112332,1
112333,1
112334,1
112335,1
112336,1
112337,1
112338,1
112339,1
112340,1
112341,1
112342,1
112343,1
112344,1
112345,1
112346,1
112347,1
112348,1
112349,1
112350,1
112351,1
112352,1
112353,1
112354,1
112355,1
112356,1
112357,1
112358,1
112359,1
112360,1
112361,1
112362,1
112363,1
112364,1
112365,1
112366,1
112367,1
112368,1
112369,1
112370,1
112371,1
112372,1
112373,1
112374,1
112375,1
112376,1
112377,1
112378,1
112379,1
112380,1
112381,1
112382,1
112383,1
112384,1
112385,1
112386,1
112387,1
112388,1
112389,1
112390,1
112391,1
112392,1
112393,1
112394,1
112395,1
112396,1
112397,1
112398,1
112399,1
112400,1
112401,1
112402,1
112403,1
112404,1
112405,1
112406,1
112407,1
112408,1
112409,1
112410,1
112411,1
112412,1
112413,1
112414,1
112415,1
112416,1
112417,1
112418,1
112419,1
112420,1
112421,1
112422,1
112423,1
112424,1
112425,1
112426,1
112427,1
112428,1
112429,1
112430,1
112431,1
112432,1
112433,1
112434,1
112435,1
112436,1
112437,1
112438,1
112439,1
112440,1
112441,1
112442,1
112443,1
112444,1
112445,1
112446,1
112447,1
112448,1
112449,1
112450,1
112451,1
112452,1
112453,1
112454,1
112455,1
112456,1
112457,1
112458,1
112459,1
112460,1
112461,1
112462,1
112463,1
112464,1
112465,1
112466,1
112467,1
112468,1
112469,1
112470,1
112471,1
112472,1
112473,1
112474,1
112475,1
112476,1
112477,1
112478,1
112479,1
112480,1
112481,1
112482,1
112483,1
112484,1
112485,1
112486,1
112487,1
112488,1
112489,1
112490,1
112491,1
112492,1
112493,1
112494,1
112495,1
112496,1
112497,1
112498,1
112499,1
112500,1
112501,1
112502,1
112503,1
112504,1
112505,1
112506,1
112507,1
112508,1
112509,1
112510,1
112511,1
112512,1
112513,1
112514,1
112515,1
112516,1
112517,1
112518,1
112519,1
112520,1
112521,1
112522,1
112523,1
112524,1
112525,1
112526,1
112527,1
112528,1
112529,1
112530,1
112531,1
112532,1
112533,1
112534,1
112535,1
112536,1
112537,1
112538,1
112539,1
112540,1
112541,1
112542,1
112543,1
112544,1
112545,1
112546,1
112547,1
112548,1
112549,1
112550,1
112551,1
112552,1
112553,1
112554,1
112555,1
112556,1
112557,1
112558,1
112559,1
112560,1
112561,1
112562,1
112563,1
112564,1
112565,1
112566,1
112567,1
112568,1
112569,1
112570,1
112571,1
112572,1
112573,1
112574,1
112575,1
112576,1
112577,1
112578,1
112579,1
112580,1
112581,1
112582,1
112583,1
112584,1
112585,1
112586,1
112587,1
112588,1
112589,1
112590,1
112591,1
112592,1
112593,1
112594,1
112595,1
112596,1
112597,1
112598,1
112599,1
112600,1
112601,1
112602,1
112603,1
112604,1
112605,1
112606,1
112607,1
112608,1
112609,1
112610,1
112611,1
112612,1
112613,1
112614,1
112615,1
112616,1
112617,1
112618,1
112619,1
112620,1
112621,1
112622,1
112623,1
112624,1
112625,1
112626,1
112627,1
112628,1
112629,1
112630,1
112631,1
112632,1
112633,1
112634,1
112635,1
112636,1
112637,1
112638,1
112639,1
112640,1
112641,1
112642,1
112643,1
112644,1
112645,1
112646,1
112647,1
112648,1
112649,1
112650,1
112651,1
112652,1
112653,1
112654,1
112655,1
112656,1
112657,1
112658,1
112659,1
112660,1
112661,1
112662,1
112663,1
112664,1
112665,1
112666,1
112667,1
112668,1
112669,1
112670,1
112671,1
112672,1
112673,1
112674,1
112675,1
112676,1
112677,1
112678,1
112679,1
112680,1
112681,1
112682,1
112683,1
112684,1
112685,1
112686,1
112687,1
112688,1
112689,1
112690,1
112691,1
112692,1
112693,1
112694,1
112695,1
112696,1
112697,1
112698,1
112699,1
112700,1
112701,1
112702,1
112703,1
112704,1
112705,1
112706,1
112707,1
112708,1
112709,1
112710,1
112711,1
112712,1
112713,1
112714,1
112715,1
112716,1
112717,1
112718,1
112719,1
112720,1
112721,1
112722,1
112723,1
112724,1
112725,1
112726,1
112727,1
112728,1
112729,1
112730,1
112731,1
112732,1
112733,1
112734,1
112735,1
112736,1
112737,1
112738,1
112739,1
112740,1
112741,1
112742,1
112743,1
112744,1
112745,1
112746,1
112747,1
112748,1
112749,1
112750,1
112751,1
112752,1
112753,1
112754,1
112755,1
112756,1
112757,1
112758,1
112759,1
112760,1
112761,1
112762,1
112763,1
112764,1
112765,1
112766,1
112767,1
112768,1
112769,1
112770,1
112771,1
112772,1
112773,1
112774,1
112775,1
112776,1
112777,1
112778,1
112779,1
112780,1
112781,1
112782,1
112783,1
112784,1
112785,1
112786,1
112787,1
112788,1
112789,1
112790,1
112791,1
112792,1
112793,1
112794,1
112795,1
112796,1
112797,1
112798,1
112799,1
112800,1
112801,1
112802,1
112803,1
112804,1
112805,1
112806,1
112807,1
112808,1
112809,1
112810,1
112811,1
112812,1
112813,1
112814,1
112815,1
112816,1
112817,1
112818,1
112819,1
112820,1
112821,1
112822,1
112823,1
112824,1
112825,1
112826,1
112827,1
112828,1
112829,1
112830,1
112831,1
112832,1
112833,1
112834,1
112835,1
112836,1
112837,1
112838,1
112839,1
112840,1
112841,1
112842,1
112843,1
112844,1
112845,1
112846,1
112847,1
112848,1
112849,1
112850,1
112851,1
112852,1
112853,1
112854,1
112855,1
112856,1
112857,1
112858,1
112859,1
112860,1
112861,1
112862,1
112863,1
112864,1
112865,1
112866,1
112867,1
112868,1
112869,1
112870,1
112871,1
112872,1
112873,1
112874,1
112875,1
112876,1
112877,1
112878,1
112879,1
112880,1
112881,1
112882,1
112883,1
112884,1
112885,1
112886,1
112887,1
112888,1
112889,1
112890,1
112891,1
112892,1
112893,1
112894,1
112895,1
112896,1
112897,1
112898,1
112899,1
112900,1
112901,1
112902,1
112903,1
112904,1
112905,1
112906,1
112907,1
112908,1
112909,1
112910,1
112911,1
112912,1
112913,1
112914,1
112915,1
112916,1
112917,1
112918,1
112919,1
112920,1
112921,1
112922,1
112923,1
112924,1
112925,1
112926,1
112927,1
112928,1
112929,1
112930,1
112931,1
112932,1
112933,1
112934,1
112935,1
112936,1
112937,1
112938,1
112939,1
112940,1
112941,1
112942,1
112943,1
112944,1
112945,1
112946,1
112947,1
112948,1
112949,1
112950,1
112951,1
112952,1
112953,1
112954,1
112955,1
112956,1
112957,1
112958,1
112959,1
112960,1
112961,1
112962,1
112963,1
112964,1
112965,1
112966,1
112967,1
112968,1
112969,1
112970,1
112971,1
112972,1
112973,1
112974,1
112975,1
112976,1
112977,1
112978,1
112979,1
112980,1
112981,1
112982,1
112983,1
112984,1
112985,1
112986,1
112987,1
112988,1
112989,1
112990,1
112991,1
112992,1
112993,1
112994,1
112995,1
112996,1
112997,1
112998,1
112999,1
113000,1
113001,1
113002,1
113003,1
113004,1
113005,1
113006,1
113007,1
113008,1
113009,1
113010,1
113011,1
113012,1
113013,1
113014,1
113015,1
113016,1
113017,1
113018,1
113019,1
113020,1
113021,1
113022,1
113023,1
113024,1
113025,1
113026,1
113027,1
113028,1
113029,1
113030,1
113031,1
113032,1
113033,1
113034,1
113035,1
113036,1
113037,1
113038,1
113039,1
113040,1
113041,1
113042,1
113043,1
113044,1
113045,1
113046,1
113047,1
113048,1
113049,1
113050,1
113051,1
113052,1
113053,1
113054,1
113055,1
113056,1
113057,1
113058,1
113059,1
113060,1
113061,1
113062,1
113063,1
113064,1
113065,1
113066,1
113067,1
113068,1
113069,1
113070,1
113071,1
113072,1
113073,1
113074,1
113075,1
113076,1
113077,1
113078,1
113079,1
113080,1
113081,1
113082,1
113083,1
113084,1
113085,1
113086,1
113087,1
113088,1
113089,1
113090,1
113091,1
113092,1
113093,1
113094,1
113095,1
113096,1
113097,1
113098,1
113099,1
113100,1
113101,1
113102,1
113103,1
113104,1
113105,1
113106,1
113107,1
113108,1
113109,1
113110,1
113111,1
113112,1
113113,1
113114,1
113115,1
113116,1
113117,1
113118,1
113119,1
113120,1
113121,1
113122,1
113123,1
113124,1
113125,1
113126,1
113127,1
113128,1
113129,1
113130,1
113131,1
113132,1
113133,1
113134,1
113135,1
113136,1
113137,1
113138,1
113139,1
113140,1
113141,1
113142,1
113143,1
113144,1
113145,1
113146,1
113147,1
113148,1
113149,1
113150,1
113151,1
113152,1
113153,1
113154,1
113155,1
113156,1
113157,1
113158,1
113159,1
113160,1
113161,1
113162,1
113163,1
113164,1
113165,1
113166,1
113167,1
113168,1
113169,1
113170,1
113171,1
113172,1
113173,1
113174,1
113175,1
113176,1
113177,1
113178,1
113179,1
113180,1
113181,1
113182,1
113183,1
113184,1
113185,1
113186,1
113187,1
113188,1
113189,1
113190,1
113191,1
113192,1
113193,1
113194,1
113195,1
113196,1
113197,1
113198,1
113199,1
113200,1
113201,1
113202,1
113203,1
113204,1
113205,1
113206,1
113207,1
113208,1
113209,1
113210,1
113211,1
113212,1
113213,1
113214,1
113215,1
113216,1
113217,1
113218,1
113219,1
113220,1
113221,1
113222,1
113223,1
113224,1
113225,1
113226,1
113227,1
113228,1
113229,1
113230,1
113231,1
113232,1
113233,1
113234,1
113235,1
113236,1
113237,1
113238,1
113239,1
113240,1
113241,1
113242,1
113243,1
113244,1
113245,1
113246,1
113247,1
113248,1
113249,1
113250,1
113251,1
113252,1
113253,1
113254,1
113255,1
113256,1
113257,1
113258,1
113259,1
113260,1
113261,1
113262,1
113263,1
113264,1
113265,1
113266,1
113267,1
113268,1
113269,1
113270,1
113271,1
113272,1
113273,1
113274,1
113275,1
113276,1
113277,1
113278,1
113279,1
113280,1
113281,1
113282,1
113283,1
113284,1
113285,1
113286,1
113287,1
113288,1
113289,1
113290,1
113291,1
113292,1
113293,1
113294,1
113295,1
113296,1
113297,1
113298,1
113299,1
113300,1
113301,1
113302,1
113303,1
113304,1
113305,1
113306,1
113307,1
113308,1
113309,1
113310,1
113311,1
113312,1
113313,1
113314,1
113315,1
113316,1
113317,1
113318,1
113319,1
113320,1
113321,1
113322,1
113323,1
113324,1
113325,1
113326,1
113327,1
113328,1
113329,1
113330,1
113331,1
113332,1
113333,1
113334,1
113335,1
113336,1
113337,1
113338,1
113339,1
113340,1
113341,1
113342,1
113343,1
113344,1
113345,1
113346,1
113347,1
113348,1
113349,1
113350,1
113351,1
113352,1
113353,1
113354,1
113355,1
113356,1
113357,1
113358,1
113359,1
113360,1
113361,1
113362,1
113363,1
113364,1
113365,1
113366,1
113367,1
113368,1
113369,1
113370,1
113371,1
113372,1
113373,1
113374,1
113375,1
113376,1
113377,1
113378,1
113379,1
113380,1
113381,1
113382,1
113383,1
113384,1
113385,1
113386,1
113387,1
113388,1
113389,1
113390,1
113391,1
113392,1
113393,1
113394,1
113395,1
113396,1
113397,1
113398,1
113399,1
113400,1
113401,1
113402,1
113403,1
113404,1
113405,1
113406,1
113407,1
113408,1
113409,1
113410,1
113411,1
113412,1
113413,1
113414,1
113415,1
113416,1
113417,1
113418,1
113419,1
113420,1
113421,1
113422,1
113423,1
113424,1
113425,1
113426,1
113427,1
113428,1
113429,1
113430,1
113431,1
113432,1
113433,1
113434,1
113435,1
113436,1
113437,1
113438,1
113439,1
113440,1
113441,1
113442,1
113443,1
113444,1
113445,1
113446,1
113447,1
113448,1
113449,1
113450,1
113451,1
113452,1
113453,1
113454,1
113455,1
113456,1
113457,1
113458,1
113459,1
113460,1
113461,1
113462,1
113463,1
113464,1
113465,1
113466,1
113467,1
113468,1
113469,1
113470,1
113471,1
113472,1
113473,1
113474,1
113475,1
113476,1
113477,1
113478,1
113479,1
113480,1
113481,1
113482,1
113483,1
113484,1
113485,1
113486,1
113487,1
113488,1
113489,1
113490,1
113491,1
113492,1
113493,1
113494,1
113495,1
113496,1
113497,1
113498,1
113499,1
113500,1
113501,1
113502,1
113503,1
113504,1
113505,1
113506,1
113507,1
113508,1
113509,1
113510,1
113511,1
113512,1
113513,1
113514,1
113515,1
113516,1
113517,1
113518,1
113519,1
113520,1
113521,1
113522,1
113523,1
113524,1
113525,1
113526,1
113527,1
113528,1
113529,1
113530,1
113531,1
113532,1
113533,1
113534,1
113535,1
113536,1
113537,1
113538,1
113539,1
113540,1
113541,1
113542,1
113543,1
113544,1
113545,1
113546,1
113547,1
113548,1
113549,1
113550,1
113551,1
113552,1
113553,1
113554,1
113555,1
113556,1
113557,1
113558,1
113559,1
113560,1
113561,1
113562,1
113563,1
113564,1
113565,1
113566,1
113567,1
113568,1
113569,1
113570,1
113571,1
113572,1
113573,1
113574,1
113575,1
113576,1
113577,1
113578,1
113579,1
113580,1
113581,1
113582,1
113583,1
113584,1
113585,1
113586,1
113587,1
113588,1
113589,1
113590,1
113591,1
113592,1
113593,1
113594,1
113595,1
113596,1
113597,1
113598,1
113599,1
113600,1
113601,1
113602,1
113603,1
113604,1
113605,1
113606,1
113607,1
113608,1
113609,1
113610,1
113611,1
113612,1
113613,1
113614,1
113615,1
113616,1
113617,1
113618,1
113619,1
113620,1
113621,1
113622,1
113623,1
113624,1
113625,1
113626,1
113627,1
113628,1
113629,1
113630,1
113631,1
113632,1
113633,1
113634,1
113635,1
113636,1
113637,1
113638,1
113639,1
113640,1
113641,1
113642,1
113643,1
113644,1
113645,1
113646,1
113647,1
113648,1
113649,1
113650,1
113651,1
113652,1
113653,1
113654,1
113655,1
113656,1
113657,1
113658,1
113659,1
113660,1
113661,1
113662,1
113663,1
113664,1
113665,1
113666,1
113667,1
113668,1
113669,1
113670,1
113671,1
113672,1
113673,1
113674,1
113675,1
113676,1
113677,1
113678,1
113679,1
113680,1
113681,1
113682,1
113683,1
113684,1
113685,1
113686,1
113687,1
113688,1
113689,1
113690,1
113691,1
113692,1
113693,1
113694,1
113695,1
113696,1
113697,1
113698,1
113699,1
113700,1
113701,1
113702,1
113703,1
113704,1
113705,1
113706,1
113707,1
113708,1
113709,1
113710,1
113711,1
113712,1
113713,1
113714,1
113715,1
113716,1
113717,1
113718,1
113719,1
113720,1
113721,1
113722,1
113723,1
113724,1
113725,1
113726,1
113727,1
113728,1
113729,1
113730,1
113731,1
113732,1
113733,1
113734,1
113735,1
113736,1
113737,1
113738,1
113739,1
113740,1
113741,1
113742,1
113743,1
113744,1
113745,1
113746,1
113747,1
113748,1
113749,1
113750,1
113751,1
113752,1
113753,1
113754,1
113755,1
113756,1
113757,1
113758,1
113759,1
113760,1
113761,1
113762,1
113763,1
113764,1
113765,1
113766,1
113767,1
113768,1
113769,1
113770,1
113771,1
113772,1
113773,1
113774,1
113775,1
113776,1
113777,1
113778,1
113779,1
113780,1
113781,1
113782,1
113783,1
113784,1
113785,1
113786,1
113787,1
113788,1
113789,1
113790,1
113791,1
113792,1
113793,1
113794,1
113795,1
113796,1
113797,1
113798,1
113799,1
113800,1
113801,1
113802,1
113803,1
113804,1
113805,1
113806,1
113807,1
113808,1
113809,1
113810,1
113811,1
113812,1
113813,1
113814,1
113815,1
113816,1
113817,1
113818,1
113819,1
113820,1
113821,1
113822,1
113823,1
113824,1
113825,1
113826,1
113827,1
113828,1
113829,1
113830,1
113831,1
113832,1
113833,1
113834,1
113835,1
113836,1
113837,1
113838,1
113839,1
113840,1
113841,1
113842,1
113843,1
113844,1
113845,1
113846,1
113847,1
113848,1
113849,1
113850,1
113851,1
113852,1
113853,1
113854,1
113855,1
113856,1
113857,1
113858,1
113859,1
113860,1
113861,1
113862,1
113863,1
113864,1
113865,1
113866,1
113867,1
113868,1
113869,1
113870,1
113871,1
113872,1
113873,1
113874,1
113875,1
113876,1
113877,1
113878,1
113879,1
113880,1
113881,1
113882,1
113883,1
113884,1
113885,1
113886,1
113887,1
113888,1
113889,1
113890,1
113891,1
113892,1
113893,1
113894,1
113895,1
113896,1
113897,1
113898,1
113899,1
113900,1
113901,1
113902,1
113903,1
113904,1
113905,1
113906,1
113907,1
113908,1
113909,1
113910,1
113911,1
113912,1
113913,1
113914,1
113915,1
113916,1
113917,1
113918,1
113919,1
113920,1
113921,1
113922,1
113923,1
113924,1
113925,1
113926,1
113927,1
113928,1
113929,1
113930,1
113931,1
113932,1
113933,1
113934,1
113935,1
113936,1
113937,1
113938,1
113939,1
113940,1
113941,1
113942,1
113943,1
113944,1
113945,1
113946,1
113947,1
113948,1
113949,1
113950,1
113951,1
113952,1
113953,1
113954,1
113955,1
113956,1
113957,1
113958,1
113959,1
113960,1
113961,1
113962,1
113963,1
113964,1
113965,1
113966,1
113967,1
113968,1
113969,1
113970,1
113971,1
113972,1
113973,1
113974,1
113975,1
113976,1
113977,1
113978,1
113979,1
113980,1
113981,1
113982,1
113983,1
113984,1
113985,1
113986,1
113987,1
113988,1
113989,1
113990,1
113991,1
113992,1
113993,1
113994,1
113995,1
113996,1
113997,1
113998,1
113999,1
114000,1
114001,1
114002,1
114003,1
114004,1
114005,1
114006,1
114007,1
114008,1
114009,1
114010,1
114011,1
114012,1
114013,1
114014,1
114015,1
114016,1
114017,1
114018,1
114019,1
114020,1
114021,1
114022,1
114023,1
114024,1
114025,1
114026,1
114027,1
114028,1
114029,1
114030,1
114031,1
114032,1
114033,1
114034,1
114035,1
114036,1
114037,1
114038,1
114039,1
114040,1
114041,1
114042,1
114043,1
114044,1
114045,1
114046,1
114047,1
114048,1
114049,1
114050,1
114051,1
114052,1
114053,1
114054,1
114055,1
114056,1
114057,1
114058,1
114059,1
114060,1
114061,1
114062,1
114063,1
114064,1
114065,1
114066,1
114067,1
114068,1
114069,1
114070,1
114071,1
114072,1
114073,1
114074,1
114075,1
114076,1
114077,1
114078,1
114079,1
114080,1
114081,1
114082,1
114083,1
114084,1
114085,1
114086,1
114087,1
114088,1
114089,1
114090,1
114091,1
114092,1
114093,1
114094,1
114095,1
114096,1
114097,1
114098,1
114099,1
114100,1
114101,1
114102,1
114103,1
114104,1
114105,1
114106,1
114107,1
114108,1
114109,1
114110,1
114111,1
114112,1
114113,1
114114,1
114115,1
114116,1
114117,1
114118,1
114119,1
114120,1
114121,1
114122,1
114123,1
114124,1
114125,1
114126,1
114127,1
114128,1
114129,1
114130,1
114131,1
114132,1
114133,1
114134,1
114135,1
114136,1
114137,1
114138,1
114139,1
114140,1
114141,1
114142,1
114143,1
114144,1
114145,1
114146,1
114147,1
114148,1
114149,1
114150,1
114151,1
114152,1
114153,1
114154,1
114155,1
114156,1
114157,1
114158,1
114159,1
114160,1
114161,1
114162,1
114163,1
114164,1
114165,1
114166,1
114167,1
114168,1
114169,1
114170,1
114171,1
114172,1
114173,1
114174,1
114175,1
114176,1
114177,1
114178,1
114179,1
114180,1
114181,1
114182,1
114183,1
114184,1
114185,1
114186,1
114187,1
114188,1
114189,1
114190,1
114191,1
114192,1
114193,1
114194,1
114195,1
114196,1
114197,1
114198,1
114199,1
114200,1
114201,1
114202,1
114203,1
114204,1
114205,1
114206,1
114207,1
114208,1
114209,1
114210,1
114211,1
114212,1
114213,1
114214,1
114215,1
114216,1
114217,1
114218,1
114219,1
114220,1
114221,1
114222,1
114223,1
114224,1
114225,1
114226,1
114227,1
114228,1
114229,1
114230,1
114231,1
114232,1
114233,1
114234,1
114235,1
114236,1
114237,1
114238,1
114239,1
114240,1
114241,1
114242,1
114243,1
114244,1
114245,1
114246,1
114247,1
114248,1
114249,1
114250,1
114251,1
114252,1
114253,1
114254,1
114255,1
114256,1
114257,1
114258,1
114259,1
114260,1
114261,1
114262,1
114263,1
114264,1
114265,1
114266,1
114267,1
114268,1
114269,1
114270,1
114271,1
114272,1
114273,1
114274,1
114275,1
114276,1
114277,1
114278,1
114279,1
114280,1
114281,1
114282,1
114283,1
114284,1
114285,1
114286,1
114287,1
114288,1
114289,1
114290,1
114291,1
114292,1
114293,1
114294,1
114295,1
114296,1
114297,1
114298,1
114299,1
114300,1
114301,1
114302,1
114303,1
114304,1
114305,1
114306,1
114307,1
114308,1
114309,1
114310,1
114311,1
114312,1
114313,1
114314,1
114315,1
114316,1
114317,1
114318,1
114319,1
114320,1
114321,1
114322,1
114323,1
114324,1
114325,1
114326,1
114327,1
114328,1
114329,1
114330,1
114331,1
114332,1
114333,1
114334,1
114335,1
114336,1
114337,1
114338,1
114339,1
114340,1
114341,1
114342,1
114343,1
114344,1
114345,1
114346,1
114347,1
114348,1
114349,1
114350,1
114351,1
114352,1
114353,1
114354,1
114355,1
114356,1
114357,1
114358,1
114359,1
114360,1
114361,1
114362,1
114363,1
114364,1
114365,1
114366,1
114367,1
114368,1
114369,1
114370,1
114371,1
114372,1
114373,1
114374,1
114375,1
114376,1
114377,1
114378,1
114379,1
114380,1
114381,1
114382,1
114383,1
114384,1
114385,1
114386,1
114387,1
114388,1
114389,1
114390,1
114391,1
114392,1
114393,1
114394,1
114395,1
114396,1
114397,1
114398,1
114399,1
114400,1
114401,1
114402,1
114403,1
114404,1
114405,1
114406,1
114407,1
114408,1
114409,1
114410,1
114411,1
114412,1
114413,1
114414,1
114415,1
114416,1
114417,1
114418,1
114419,1
114420,1
114421,1
114422,1
114423,1
114424,1
114425,1
114426,1
114427,1
114428,1
114429,1
114430,1
114431,1
114432,1
114433,1
114434,1
114435,1
114436,1
114437,1
114438,1
114439,1
114440,1
114441,1
114442,1
114443,1
114444,1
114445,1
114446,1
114447,1
114448,1
114449,1
114450,1
114451,1
114452,1
114453,1
114454,1
114455,1
114456,1
114457,1
114458,1
114459,1
114460,1
114461,1
114462,1
114463,1
114464,1
114465,1
114466,1
114467,1
114468,1
114469,1
114470,1
114471,1
114472,1
114473,1
114474,1
114475,1
114476,1
114477,1
114478,1
114479,1
114480,1
114481,1
114482,1
114483,1
114484,1
114485,1
114486,1
114487,1
114488,1
114489,1
114490,1
114491,1
114492,1
114493,1
114494,1
114495,1
114496,1
114497,1
114498,1
114499,1
114500,1
114501,1
114502,1
114503,1
114504,1
114505,1
114506,1
114507,1
114508,1
114509,1
114510,1
114511,1
114512,1
114513,1
114514,1
114515,1
114516,1
114517,1
114518,1
114519,1
114520,1
114521,1
114522,1
114523,1
114524,1
114525,1
114526,1
114527,1
114528,1
114529,1
114530,1
114531,1
114532,1
114533,1
114534,1
114535,1
114536,1
114537,1
114538,1
114539,1
114540,1
114541,1
114542,1
114543,1
114544,1
114545,1
114546,1
114547,1
114548,1
114549,1
114550,1
114551,1
114552,1
114553,1
114554,1
114555,1
114556,1
114557,1
114558,1
114559,1
114560,1
114561,1
114562,1
114563,1
114564,1
114565,1
114566,1
114567,1
114568,1
114569,1
114570,1
114571,1
114572,1
114573,1
114574,1
114575,1
114576,1
114577,1
114578,1
114579,1
114580,1
114581,1
114582,1
114583,1
114584,1
114585,1
114586,1
114587,1
114588,1
114589,1
114590,1
114591,1
114592,1
114593,1
114594,1
114595,1
114596,1
114597,1
114598,1
114599,1
114600,1
114601,1
114602,1
114603,1
114604,1
114605,1
114606,1
114607,1
114608,1
114609,1
114610,1
114611,1
114612,1
114613,1
114614,1
114615,1
114616,1
114617,1
114618,1
114619,1
114620,1
114621,1
114622,1
114623,1
114624,1
114625,1
114626,1
114627,1
114628,1
114629,1
114630,1
114631,1
114632,1
114633,1
114634,1
114635,1
114636,1
114637,1
114638,1
114639,1
114640,1
114641,1
114642,1
114643,1
114644,1
114645,1
114646,1
114647,1
114648,1
114649,1
114650,1
114651,1
114652,1
114653,1
114654,1
114655,1
114656,1
114657,1
114658,1
114659,1
114660,1
114661,1
114662,1
114663,1
114664,1
114665,1
114666,1
114667,1
114668,1
114669,1
114670,1
114671,1
114672,1
114673,1
114674,1
114675,1
114676,1
114677,1
114678,1
114679,1
114680,1
114681,1
114682,1
114683,1
114684,1
114685,1
114686,1
114687,1
114688,1
114689,1
114690,1
114691,1
114692,1
114693,1
114694,1
114695,1
114696,1
114697,1
114698,1
114699,1
114700,1
114701,1
114702,1
114703,1
114704,1
114705,1
114706,1
114707,1
114708,1
114709,1
114710,1
114711,1
114712,1
114713,1
114714,1
114715,1
114716,1
114717,1
114718,1
114719,1
114720,1
114721,1
114722,1
114723,1
114724,1
114725,1
114726,1
114727,1
114728,1
114729,1
114730,1
114731,1
114732,1
114733,1
114734,1
114735,1
114736,1
114737,1
114738,1
114739,1
114740,1
114741,1
114742,1
114743,1
114744,1
114745,1
114746,1
114747,1
114748,1
114749,1
114750,1
114751,1
114752,1
114753,1
114754,1
114755,1
114756,1
114757,1
114758,1
114759,1
114760,1
114761,1
114762,1
114763,1
114764,1
114765,1
114766,1
114767,1
114768,1
114769,1
114770,1
114771,1
114772,1
114773,1
114774,1
114775,1
114776,1
114777,1
114778,1
114779,1
114780,1
114781,1
114782,1
114783,1
114784,1
114785,1
114786,1
114787,1
114788,1
114789,1
114790,1
114791,1
114792,1
114793,1
114794,1
114795,1
114796,1
114797,1
114798,1
114799,1
114800,1
114801,1
114802,1
114803,1
114804,1
114805,1
114806,1
114807,1
114808,1
114809,1
114810,1
114811,1
114812,1
114813,1
114814,1
114815,1
114816,1
114817,1
114818,1
114819,1
114820,1
114821,1
114822,1
114823,1
114824,1
114825,1
114826,1
114827,1
114828,1
114829,1
114830,1
114831,1
114832,1
114833,1
114834,1
114835,1
114836,1
114837,1
114838,1
114839,1
114840,1
114841,1
114842,1
114843,1
114844,1
114845,1
114846,1
114847,1
114848,1
114849,1
114850,1
114851,1
114852,1
114853,1
114854,1
114855,1
114856,1
114857,1
114858,1
114859,1
114860,1
114861,1
114862,1
114863,1
114864,1
114865,1
114866,1
114867,1
114868,1
114869,1
114870,1
114871,1
114872,1
114873,1
114874,1
114875,1
114876,1
114877,1
114878,1
114879,1
114880,1
114881,1
114882,1
114883,1
114884,1
114885,1
114886,1
114887,1
114888,1
114889,1
114890,1
114891,1
114892,1
114893,1
114894,1
114895,1
114896,1
114897,1
114898,1
114899,1
114900,1
114901,1
114902,1
114903,1
114904,1
114905,1
114906,1
114907,1
114908,1
114909,1
114910,1
114911,1
114912,1
114913,1
114914,1
114915,1
114916,1
114917,1
114918,1
114919,1
114920,1
114921,1
114922,1
114923,1
114924,1
114925,1
114926,1
114927,1
114928,1
114929,1
114930,1
114931,1
114932,1
114933,1
114934,1
114935,1
114936,1
114937,1
114938,1
114939,1
114940,1
114941,1
114942,1
114943,1
114944,1
114945,1
114946,1
114947,1
114948,1
114949,1
114950,1
114951,1
114952,1
114953,1
114954,1
114955,1
114956,1
114957,1
114958,1
114959,1
114960,1
114961,1
114962,1
114963,1
114964,1
114965,1
114966,1
114967,1
114968,1
114969,1
114970,1
114971,1
114972,1
114973,1
114974,1
114975,1
114976,1
114977,1
114978,1
114979,1
114980,1
114981,1
114982,1
114983,1
114984,1
114985,1
114986,1
114987,1
114988,1
114989,1
114990,1
114991,1
114992,1
114993,1
114994,1
114995,1
114996,1
114997,1
114998,1
114999,1
115000,1
115001,1
115002,1
115003,1
115004,1
115005,1
115006,1
115007,1
115008,1
115009,1
115010,1
115011,1
115012,1
115013,1
115014,1
115015,1
115016,1
115017,1
115018,1
115019,1
115020,1
115021,1
115022,1
115023,1
115024,1
115025,1
115026,1
115027,1
115028,1
115029,1
115030,1
115031,1
115032,1
115033,1
115034,1
115035,1
115036,1
115037,1
115038,1
115039,1
115040,1
115041,1
115042,1
115043,1
115044,1
115045,1
115046,1
115047,1
115048,1
115049,1
115050,1
115051,1
115052,1
115053,1
115054,1
115055,1
115056,1
115057,1
115058,1
115059,1
115060,1
115061,1
115062,1
115063,1
115064,1
115065,1
115066,1
115067,1
115068,1
115069,1
115070,1
115071,1
115072,1
115073,1
115074,1
115075,1
115076,1
115077,1
115078,1
115079,1
115080,1
115081,1
115082,1
115083,1
115084,1
115085,1
115086,1
115087,1
115088,1
115089,1
115090,1
115091,1
115092,1
115093,1
115094,1
115095,1
115096,1
115097,1
115098,1
115099,1
115100,1
115101,1
115102,1
115103,1
115104,1
115105,1
115106,1
115107,1
115108,1
115109,1
115110,1
115111,1
115112,1
115113,1
115114,1
115115,1
115116,1
115117,1
115118,1
115119,1
115120,1
115121,1
115122,1
115123,1
115124,1
115125,1
115126,1
115127,1
115128,1
115129,1
115130,1
115131,1
115132,1
115133,1
115134,1
115135,1
115136,1
115137,1
115138,1
115139,1
115140,1
115141,1
115142,1
115143,1
115144,1
115145,1
115146,1
115147,1
115148,1
115149,1
115150,1
115151,1
115152,1
115153,1
115154,1
115155,1
115156,1
115157,1
115158,1
115159,1
115160,1
115161,1
115162,1
115163,1
115164,1
115165,1
115166,1
115167,1
115168,1
115169,1
115170,1
115171,1
115172,1
115173,1
115174,1
115175,1
115176,1
115177,1
115178,1
115179,1
115180,1
115181,1
115182,1
115183,1
115184,1
115185,1
115186,1
115187,1
115188,1
115189,1
115190,1
115191,1
115192,1
115193,1
115194,1
115195,1
115196,1
115197,1
115198,1
115199,1
115200,1
115201,1
115202,1
115203,1
115204,1
115205,1
115206,1
115207,1
115208,1
115209,1
115210,1
115211,1
115212,1
115213,1
115214,1
115215,1
115216,1
115217,1
115218,1
115219,1
115220,1
115221,1
115222,1
115223,1
115224,1
115225,1
115226,1
115227,1
115228,1
115229,1
115230,1
115231,1
115232,1
115233,1
115234,1
115235,1
115236,1
115237,1
115238,1
115239,1
115240,1
115241,1
115242,1
115243,1
115244,1
115245,1
115246,1
115247,1
115248,1
115249,1
115250,1
115251,1
115252,1
115253,1
115254,1
115255,1
115256,1
115257,1
115258,1
115259,1
115260,1
115261,1
115262,1
115263,1
115264,1
115265,1
115266,1
115267,1
115268,1
115269,1
115270,1
115271,1
115272,1
115273,1
115274,1
115275,1
115276,1
115277,1
115278,1
115279,1
115280,1
115281,1
115282,1
115283,1
115284,1
115285,1
115286,1
115287,1
115288,1
115289,1
115290,1
115291,1
115292,1
115293,1
115294,1
115295,1
115296,1
115297,1
115298,1
115299,1
115300,1
115301,1
115302,1
115303,1
115304,1
115305,1
115306,1
115307,1
115308,1
115309,1
115310,1
115311,1
115312,1
115313,1
115314,1
115315,1
115316,1
115317,1
115318,1
115319,1
115320,1
115321,1
115322,1
115323,1
115324,1
115325,1
115326,1
115327,1
115328,1
115329,1
115330,1
115331,1
115332,1
115333,1
115334,1
115335,1
115336,1
115337,1
115338,1
115339,1
115340,1
115341,1
115342,1
115343,1
115344,1
115345,1
115346,1
115347,1
115348,1
115349,1
115350,1
115351,1
115352,1
115353,1
115354,1
115355,1
115356,1
115357,1
115358,1
115359,1
115360,1
115361,1
115362,1
115363,1
115364,1
115365,1
115366,1
115367,1
115368,1
115369,1
115370,1
115371,1
115372,1
115373,1
115374,1
115375,1
115376,1
115377,1
115378,1
115379,1
115380,1
115381,1
115382,1
115383,1
115384,1
115385,1
115386,1
115387,1
115388,1
115389,1
115390,1
115391,1
115392,1
115393,1
115394,1
115395,1
115396,1
115397,1
115398,1
115399,1
115400,1
115401,1
115402,1
115403,1
115404,1
115405,1
115406,1
115407,1
115408,1
115409,1
115410,1
115411,1
115412,1
115413,1
115414,1
115415,1
115416,1
115417,1
115418,1
115419,1
115420,1
115421,1
115422,1
115423,1
115424,1
115425,1
115426,1
115427,1
115428,1
115429,1
115430,1
115431,1
115432,1
115433,1
115434,1
115435,1
115436,1
115437,1
115438,1
115439,1
115440,1
115441,1
115442,1
115443,1
115444,1
115445,1
115446,1
115447,1
115448,1
115449,1
115450,1
115451,1
115452,1
115453,1
115454,1
115455,1
115456,1
115457,1
115458,1
115459,1
115460,1
115461,1
115462,1
115463,1
115464,1
115465,1
115466,1
115467,1
115468,1
115469,1
115470,1
115471,1
115472,1
115473,1
115474,1
115475,1
115476,1
115477,1
115478,1
115479,1
115480,1
115481,1
115482,1
115483,1
115484,1
115485,1
115486,1
115487,1
115488,1
115489,1
115490,1
115491,1
115492,1
115493,1
115494,1
115495,1
115496,1
115497,1
115498,1
115499,1
115500,1
115501,1
115502,1
115503,1
115504,1
115505,1
115506,1
115507,1
115508,1
115509,1
115510,1
115511,1
115512,1
115513,1
115514,1
115515,1
115516,1
115517,1
115518,1
115519,1
115520,1
115521,1
115522,1
115523,1
115524,1
115525,1
115526,1
115527,1
115528,1
115529,1
115530,1
115531,1
115532,1
115533,1
115534,1
115535,1
115536,1
115537,1
115538,1
115539,1
115540,1
115541,1
115542,1
115543,1
115544,1
115545,1
115546,1
115547,1
115548,1
115549,1
115550,1
115551,1
115552,1
115553,1
115554,1
115555,1
115556,1
115557,1
115558,1
115559,1
115560,1
115561,1
115562,1
115563,1
115564,1
115565,1
115566,1
115567,1
115568,1
115569,1
115570,1
115571,1
115572,1
115573,1
115574,1
115575,1
115576,1
115577,1
115578,1
115579,1
115580,1
115581,1
115582,1
115583,1
115584,1
115585,1
115586,1
115587,1
115588,1
115589,1
115590,1
115591,1
115592,1
115593,1
115594,1
115595,1
115596,1
115597,1
115598,1
115599,1
115600,1
115601,1
115602,1
115603,1
115604,1
115605,1
115606,1
115607,1
115608,1
115609,1
115610,1
115611,1
115612,1
115613,1
115614,1
115615,1
115616,1
115617,1
115618,1
115619,1
115620,1
115621,1
115622,1
115623,1
115624,1
115625,1
115626,1
115627,1
115628,1
115629,1
115630,1
115631,1
115632,1
115633,1
115634,1
115635,1
115636,1
115637,1
115638,1
115639,1
115640,1
115641,1
115642,1
115643,1
115644,1
115645,1
115646,1
115647,1
115648,1
115649,1
115650,1
115651,1
115652,1
115653,1
115654,1
115655,1
115656,1
115657,1
115658,1
115659,1
115660,1
115661,1
115662,1
115663,1
115664,1
115665,1
115666,1
115667,1
115668,1
115669,1
115670,1
115671,1
115672,1
115673,1
115674,1
115675,1
115676,1
115677,1
115678,1
115679,1
115680,1
115681,1
115682,1
115683,1
115684,1
115685,1
115686,1
115687,1
115688,1
115689,1
115690,1
115691,1
115692,1
115693,1
115694,1
115695,1
115696,1
115697,1
115698,1
115699,1
115700,1
115701,1
115702,1
115703,1
115704,1
115705,1
115706,1
115707,1
115708,1
115709,1
115710,1
115711,1
115712,1
115713,1
115714,1
115715,1
115716,1
115717,1
115718,1
115719,1
115720,1
115721,1
115722,1
115723,1
115724,1
115725,1
115726,1
115727,1
115728,1
115729,1
115730,1
115731,1
115732,1
115733,1
115734,1
115735,1
115736,1
115737,1
115738,1
115739,1
115740,1
115741,1
115742,1
115743,1
115744,1
115745,1
115746,1
115747,1
115748,1
115749,1
115750,1
115751,1
115752,1
115753,1
115754,1
115755,1
115756,1
115757,1
115758,1
115759,1
115760,1
115761,1
115762,1
115763,1
115764,1
115765,1
115766,1
115767,1
115768,1
115769,1
115770,1
115771,1
115772,1
115773,1
115774,1
115775,1
115776,1
115777,1
115778,1
115779,1
115780,1
115781,1
115782,1
115783,1
115784,1
115785,1
115786,1
115787,1
115788,1
115789,1
115790,1
115791,1
115792,1
115793,1
115794,1
115795,1
115796,1
115797,1
115798,1
115799,1
115800,1
115801,1
115802,1
115803,1
115804,1
115805,1
115806,1
115807,1
115808,1
115809,1
115810,1
115811,1
115812,1
115813,1
115814,1
115815,1
115816,1
115817,1
115818,1
115819,1
115820,1
115821,1
115822,1
115823,1
115824,1
115825,1
115826,1
115827,1
115828,1
115829,1
115830,1
115831,1
115832,1
115833,1
115834,1
115835,1
115836,1
115837,1
115838,1
115839,1
115840,1
115841,1
115842,1
115843,1
115844,1
115845,1
115846,1
115847,1
115848,1
115849,1
115850,1
115851,1
115852,1
115853,1
115854,1
115855,1
115856,1
115857,1
115858,1
115859,1
115860,1
115861,1
115862,1
115863,1
115864,1
115865,1
115866,1
115867,1
115868,1
115869,1
115870,1
115871,1
115872,1
115873,1
115874,1
115875,1
115876,1
115877,1
115878,1
115879,1
115880,1
115881,1
115882,1
115883,1
115884,1
115885,1
115886,1
115887,1
115888,1
115889,1
115890,1
115891,1
115892,1
115893,1
115894,1
115895,1
115896,1
115897,1
115898,1
115899,1
115900,1
115901,1
115902,1
115903,1
115904,1
115905,1
115906,1
115907,1
115908,1
115909,1
115910,1
115911,1
115912,1
115913,1
115914,1
115915,1
115916,1
115917,1
115918,1
115919,1
115920,1
115921,1
115922,1
115923,1
115924,1
115925,1
115926,1
115927,1
115928,1
115929,1
115930,1
115931,1
115932,1
115933,1
115934,1
115935,1
115936,1
115937,1
115938,1
115939,1
115940,1
115941,1
115942,1
115943,1
115944,1
115945,1
115946,1
115947,1
115948,1
115949,1
115950,1
115951,1
115952,1
115953,1
115954,1
115955,1
115956,1
115957,1
115958,1
115959,1
115960,1
115961,1
115962,1
115963,1
115964,1
115965,1
115966,1
115967,1
115968,1
115969,1
115970,1
115971,1
115972,1
115973,1
115974,1
115975,1
115976,1
115977,1
115978,1
115979,1
115980,1
115981,1
115982,1
115983,1
115984,1
115985,1
115986,1
115987,1
115988,1
115989,1
115990,1
115991,1
115992,1
115993,1
115994,1
115995,1
115996,1
115997,1
115998,1
115999,1
116000,1
116001,1
116002,1
116003,1
116004,1
116005,1
116006,1
116007,1
116008,1
116009,1
116010,1
116011,1
116012,1
116013,1
116014,1
116015,1
116016,1
116017,1
116018,1
116019,1
116020,1
116021,1
116022,1
116023,1
116024,1
116025,1
116026,1
116027,1
116028,1
116029,1
116030,1
116031,1
116032,1
116033,1
116034,1
116035,1
116036,1
116037,1
116038,1
116039,1
116040,1
116041,1
116042,1
116043,1
116044,1
116045,1
116046,1
116047,1
116048,1
116049,1
116050,1
116051,1
116052,1
116053,1
116054,1
116055,1
116056,1
116057,1
116058,1
116059,1
116060,1
116061,1
116062,1
116063,1
116064,1
116065,1
116066,1
116067,1
116068,1
116069,1
116070,1
116071,1
116072,1
116073,1
116074,1
116075,1
116076,1
116077,1
116078,1
116079,1
116080,1
116081,1
116082,1
116083,1
116084,1
116085,1
116086,1
116087,1
116088,1
116089,1
116090,1
116091,1
116092,1
116093,1
116094,1
116095,1
116096,1
116097,1
116098,1
116099,1
116100,1
116101,1
116102,1
116103,1
116104,1
116105,1
116106,1
116107,1
116108,1
116109,1
116110,1
116111,1
116112,1
116113,1
116114,1
116115,1
116116,1
116117,1
116118,1
116119,1
116120,1
116121,1
116122,1
116123,1
116124,1
116125,1
116126,1
116127,1
116128,1
116129,1
116130,1
116131,1
116132,1
116133,1
116134,1
116135,1
116136,1
116137,1
116138,1
116139,1
116140,1
116141,1
116142,1
116143,1
116144,1
116145,1
116146,1
116147,1
116148,1
116149,1
116150,1
116151,1
116152,1
116153,1
116154,1
116155,1
116156,1
116157,1
116158,1
116159,1
116160,1
116161,1
116162,1
116163,1
116164,1
116165,1
116166,1
116167,1
116168,1
116169,1
116170,1
116171,1
116172,1
116173,1
116174,1
116175,1
116176,1
116177,1
116178,1
116179,1
116180,1
116181,1
116182,1
116183,1
116184,1
116185,1
116186,1
116187,1
116188,1
116189,1
116190,1
116191,1
116192,1
116193,1
116194,1
116195,1
116196,1
116197,1
116198,1
116199,1
116200,1
116201,1
116202,1
116203,1
116204,1
116205,1
116206,1
116207,1
116208,1
116209,1
116210,1
116211,1
116212,1
116213,1
116214,1
116215,1
116216,1
116217,1
116218,1
116219,1
116220,1
116221,1
116222,1
116223,1
116224,1
116225,1
116226,1
116227,1
116228,1
116229,1
116230,1
116231,1
116232,1
116233,1
116234,1
116235,1
116236,1
116237,1
116238,1
116239,1
116240,1
116241,1
116242,1
116243,1
116244,1
116245,1
116246,1
116247,1
116248,1
116249,1
116250,1
116251,1
116252,1
116253,1
116254,1
116255,1
116256,1
116257,1
116258,1
116259,1
116260,1
116261,1
116262,1
116263,1
116264,1
116265,1
116266,1
116267,1
116268,1
116269,1
116270,1
116271,1
116272,1
116273,1
116274,1
116275,1
116276,1
116277,1
116278,1
116279,1
116280,1
116281,1
116282,1
116283,1
116284,1
116285,1
116286,1
116287,1
116288,1
116289,1
116290,1
116291,1
116292,1
116293,1
116294,1
116295,1
116296,1
116297,1
116298,1
116299,1
116300,1
116301,1
116302,1
116303,1
116304,1
116305,1
116306,1
116307,1
116308,1
116309,1
116310,1
116311,1
116312,1
116313,1
116314,1
116315,1
116316,1
116317,1
116318,1
116319,1
116320,1
116321,1
116322,1
116323,1
116324,1
116325,1
116326,1
116327,1
116328,1
116329,1
116330,1
116331,1
116332,1
116333,1
116334,1
116335,1
116336,1
116337,1
116338,1
116339,1
116340,1
116341,1
116342,1
116343,1
116344,1
116345,1
116346,1
116347,1
116348,1
116349,1
116350,1
116351,1
116352,1
116353,1
116354,1
116355,1
116356,1
116357,1
116358,1
116359,1
116360,1
116361,1
116362,1
116363,1
116364,1
116365,1
116366,1
116367,1
116368,1
116369,1
116370,1
116371,1
116372,1
116373,1
116374,1
116375,1
116376,1
116377,1
116378,1
116379,1
116380,1
116381,1
116382,1
116383,1
116384,1
116385,1
116386,1
116387,1
116388,1
116389,1
116390,1
116391,1
116392,1
116393,1
116394,1
116395,1
116396,1
116397,1
116398,1
116399,1
116400,1
116401,1
116402,1
116403,1
116404,1
116405,1
116406,1
116407,1
116408,1
116409,1
116410,1
116411,1
116412,1
116413,1
116414,1
116415,1
116416,1
116417,1
116418,1
116419,1
116420,1
116421,1
116422,1
116423,1
116424,1
116425,1
116426,1
116427,1
116428,1
116429,1
116430,1
116431,1
116432,1
116433,1
116434,1
116435,1
116436,1
116437,1
116438,1
116439,1
116440,1
116441,1
116442,1
116443,1
116444,1
116445,1
116446,1
116447,1
116448,1
116449,1
116450,1
116451,1
116452,1
116453,1
116454,1
116455,1
116456,1
116457,1
116458,1
116459,1
116460,1
116461,1
116462,1
116463,1
116464,1
116465,1
116466,1
116467,1
116468,1
116469,1
116470,1
116471,1
116472,1
116473,1
116474,1
116475,1
116476,1
116477,1
116478,1
116479,1
116480,1
116481,1
116482,1
116483,1
116484,1
116485,1
116486,1
116487,1
116488,1
116489,1
116490,1
116491,1
116492,1
116493,1
116494,1
116495,1
116496,1
116497,1
116498,1
116499,1
116500,1
116501,1
116502,1
116503,1
116504,1
116505,1
116506,1
116507,1
116508,1
116509,1
116510,1
116511,1
116512,1
116513,1
116514,1
116515,1
116516,1
116517,1
116518,1
116519,1
116520,1
116521,1
116522,1
116523,1
116524,1
116525,1
116526,1
116527,1
116528,1
116529,1
116530,1
116531,1
116532,1
116533,1
116534,1
116535,1
116536,1
116537,1
116538,1
116539,1
116540,1
116541,1
116542,1
116543,1
116544,1
116545,1
116546,1
116547,1
116548,1
116549,1
116550,1
116551,1
116552,1
116553,1
116554,1
116555,1
116556,1
116557,1
116558,1
116559,1
116560,1
116561,1
116562,1
116563,1
116564,1
116565,1
116566,1
116567,1
116568,1
116569,1
116570,1
116571,1
116572,1
116573,1
116574,1
116575,1
116576,1
116577,1
116578,1
116579,1
116580,1
116581,1
116582,1
116583,1
116584,1
116585,1
116586,1
116587,1
116588,1
116589,1
116590,1
116591,1
116592,1
116593,1
116594,1
116595,1
116596,1
116597,1
116598,1
116599,1
116600,1
116601,1
116602,1
116603,1
116604,1
116605,1
116606,1
116607,1
116608,1
116609,1
116610,1
116611,1
116612,1
116613,1
116614,1
116615,1
116616,1
116617,1
116618,1
116619,1
116620,1
116621,1
116622,1
116623,1
116624,1
116625,1
116626,1
116627,1
116628,1
116629,1
116630,1
116631,1
116632,1
116633,1
116634,1
116635,1
116636,1
116637,1
116638,1
116639,1
116640,1
116641,1
116642,1
116643,1
116644,1
116645,1
116646,1
116647,1
116648,1
116649,1
116650,1
116651,1
116652,1
116653,1
116654,1
116655,1
116656,1
116657,1
116658,1
116659,1
116660,1
116661,1
116662,1
116663,1
116664,1
116665,1
116666,1
116667,1
116668,1
116669,1
116670,1
116671,1
116672,1
116673,1
116674,1
116675,1
116676,1
116677,1
116678,1
116679,1
116680,1
116681,1
116682,1
116683,1
116684,1
116685,1
116686,1
116687,1
116688,1
116689,1
116690,1
116691,1
116692,1
116693,1
116694,1
116695,1
116696,1
116697,1
116698,1
116699,1
116700,1
116701,1
116702,1
116703,1
116704,1
116705,1
116706,1
116707,1
116708,1
116709,1
116710,1
116711,1
116712,1
116713,1
116714,1
116715,1
116716,1
116717,1
116718,1
116719,1
116720,1
116721,1
116722,1
116723,1
116724,1
116725,1
116726,1
116727,1
116728,1
116729,1
116730,1
116731,1
116732,1
116733,1
116734,1
116735,1
116736,1
116737,1
116738,1
116739,1
116740,1
116741,1
116742,1
116743,1
116744,1
116745,1
116746,1
116747,1
116748,1
116749,1
116750,1
116751,1
116752,1
116753,1
116754,1
116755,1
116756,1
116757,1
116758,1
116759,1
116760,1
116761,1
116762,1
116763,1
116764,1
116765,1
116766,1
116767,1
116768,1
116769,1
116770,1
116771,1
116772,1
116773,1
116774,1
116775,1
116776,1
116777,1
116778,1
116779,1
116780,1
116781,1
116782,1
116783,1
116784,1
116785,1
116786,1
116787,1
116788,1
116789,1
116790,1
116791,1
116792,1
116793,1
116794,1
116795,1
116796,1
116797,1
116798,1
116799,1
116800,1
116801,1
116802,1
116803,1
116804,1
116805,1
116806,1
116807,1
116808,1
116809,1
116810,1
116811,1
116812,1
116813,1
116814,1
116815,1
116816,1
116817,1
116818,1
116819,1
116820,1
116821,1
116822,1
116823,1
116824,1
116825,1
116826,1
116827,1
116828,1
116829,1
116830,1
116831,1
116832,1
116833,1
116834,1
116835,1
116836,1
116837,1
116838,1
116839,1
116840,1
116841,1
116842,1
116843,1
116844,1
116845,1
116846,1
116847,1
116848,1
116849,1
116850,1
116851,1
116852,1
116853,1
116854,1
116855,1
116856,1
116857,1
116858,1
116859,1
116860,1
116861,1
116862,1
116863,1
116864,1
116865,1
116866,1
116867,1
116868,1
116869,1
116870,1
116871,1
116872,1
116873,1
116874,1
116875,1
116876,1
116877,1
116878,1
116879,1
116880,1
116881,1
116882,1
116883,1
116884,1
116885,1
116886,1
116887,1
116888,1
116889,1
116890,1
116891,1
116892,1
116893,1
116894,1
116895,1
116896,1
116897,1
116898,1
116899,1
116900,1
116901,1
116902,1
116903,1
116904,1
116905,1
116906,1
116907,1
116908,1
116909,1
116910,1
116911,1
116912,1
116913,1
116914,1
116915,1
116916,1
116917,1
116918,1
116919,1
116920,1
116921,1
116922,1
116923,1
116924,1
116925,1
116926,1
116927,1
116928,1
116929,1
116930,1
116931,1
116932,1
116933,1
116934,1
116935,1
116936,1
116937,1
116938,1
116939,1
116940,1
116941,1
116942,1
116943,1
116944,1
116945,1
116946,1
116947,1
116948,1
116949,1
116950,1
116951,1
116952,1
116953,1
116954,1
116955,1
116956,1
116957,1
116958,1
116959,1
116960,1
116961,1
116962,1
116963,1
116964,1
116965,1
116966,1
116967,1
116968,1
116969,1
116970,1
116971,1
116972,1
116973,1
116974,1
116975,1
116976,1
116977,1
116978,1
116979,1
116980,1
116981,1
116982,1
116983,1
116984,1
116985,1
116986,1
116987,1
116988,1
116989,1
116990,1
116991,1
116992,1
116993,1
116994,1
116995,1
116996,1
116997,1
116998,1
116999,1
117000,1
117001,1
117002,1
117003,1
117004,1
117005,1
117006,1
117007,1
117008,1
117009,1
117010,1
117011,1
117012,1
117013,1
117014,1
117015,1
117016,1
117017,1
117018,1
117019,1
117020,1
117021,1
117022,1
117023,1
117024,1
117025,1
117026,1
117027,1
117028,1
117029,1
117030,1
117031,1
117032,1
117033,1
117034,1
117035,1
117036,1
117037,1
117038,1
117039,1
117040,1
117041,1
117042,1
117043,1
117044,1
117045,1
117046,1
117047,1
117048,1
117049,1
117050,1
117051,1
117052,1
117053,1
117054,1
117055,1
117056,1
117057,1
117058,1
117059,1
117060,1
117061,1
117062,1
117063,1
117064,1
117065,1
117066,1
117067,1
117068,1
117069,1
117070,1
117071,1
117072,1
117073,1
117074,1
117075,1
117076,1
117077,1
117078,1
117079,1
117080,1
117081,1
117082,1
117083,1
117084,1
117085,1
117086,1
117087,1
117088,1
117089,1
117090,1
117091,1
117092,1
117093,1
117094,1
117095,1
117096,1
117097,1
117098,1
117099,1
117100,1
117101,1
117102,1
117103,1
117104,1
117105,1
117106,1
117107,1
117108,1
117109,1
117110,1
117111,1
117112,1
117113,1
117114,1
117115,1
117116,1
117117,1
117118,1
117119,1
117120,1
117121,1
117122,1
117123,1
117124,1
117125,1
117126,1
117127,1
117128,1
117129,1
117130,1
117131,1
117132,1
117133,1
117134,1
117135,1
117136,1
117137,1
117138,1
117139,1
117140,1
117141,1
117142,1
117143,1
117144,1
117145,1
117146,1
117147,1
117148,1
117149,1
117150,1
117151,1
117152,1
117153,1
117154,1
117155,1
117156,1
117157,1
117158,1
117159,1
117160,1
117161,1
117162,1
117163,1
117164,1
117165,1
117166,1
117167,1
117168,1
117169,1
117170,1
117171,1
117172,1
117173,1
117174,1
117175,1
117176,1
117177,1
117178,1
117179,1
117180,1
117181,1
117182,1
117183,1
117184,1
117185,1
117186,1
117187,1
117188,1
117189,1
117190,1
117191,1
117192,1
117193,1
117194,1
117195,1
117196,1
117197,1
117198,1
117199,1
117200,1
117201,1
117202,1
117203,1
117204,1
117205,1
117206,1
117207,1
117208,1
117209,1
117210,1
117211,1
117212,1
117213,1
117214,1
117215,1
117216,1
117217,1
117218,1
117219,1
117220,1
117221,1
117222,1
117223,1
117224,1
117225,1
117226,1
117227,1
117228,1
117229,1
117230,1
117231,1
117232,1
117233,1
117234,1
117235,1
117236,1
117237,1
117238,1
117239,1
117240,1
117241,1
117242,1
117243,1
117244,1
117245,1
117246,1
117247,1
117248,1
117249,1
117250,1
117251,1
117252,1
117253,1
117254,1
117255,1
117256,1
117257,1
117258,1
117259,1
117260,1
117261,1
117262,1
117263,1
117264,1
117265,1
117266,1
117267,1
117268,1
117269,1
117270,1
117271,1
117272,1
117273,1
117274,1
117275,1
117276,1
117277,1
117278,1
117279,1
117280,1
117281,1
117282,1
117283,1
117284,1
117285,1
117286,1
117287,1
117288,1
117289,1
117290,1
117291,1
117292,1
117293,1
117294,1
117295,1
117296,1
117297,1
117298,1
117299,1
117300,1
117301,1
117302,1
117303,1
117304,1
117305,1
117306,1
117307,1
117308,1
117309,1
117310,1
117311,1
117312,1
117313,1
117314,1
117315,1
117316,1
117317,1
117318,1
117319,1
117320,1
117321,1
117322,1
117323,1
117324,1
117325,1
117326,1
117327,1
117328,1
117329,1
117330,1
117331,1
117332,1
117333,1
117334,1
117335,1
117336,1
117337,1
117338,1
117339,1
117340,1
117341,1
117342,1
117343,1
117344,1
117345,1
117346,1
117347,1
117348,1
117349,1
117350,1
117351,1
117352,1
117353,1
117354,1
117355,1
117356,1
117357,1
117358,1
117359,1
117360,1
117361,1
117362,1
117363,1
117364,1
117365,1
117366,1
117367,1
117368,1
117369,1
117370,1
117371,1
117372,1
117373,1
117374,1
117375,1
117376,1
117377,1
117378,1
117379,1
117380,1
117381,1
117382,1
117383,1
117384,1
117385,1
117386,1
117387,1
117388,1
117389,1
117390,1
117391,1
117392,1
117393,1
117394,1
117395,1
117396,1
117397,1
117398,1
117399,1
117400,1
117401,1
117402,1
117403,1
117404,1
117405,1
117406,1
117407,1
117408,1
117409,1
117410,1
117411,1
117412,1
117413,1
117414,1
117415,1
117416,1
117417,1
117418,1
117419,1
117420,1
117421,1
117422,1
117423,1
117424,1
117425,1
117426,1
117427,1
117428,1
117429,1
117430,1
117431,1
117432,1
117433,1
117434,1
117435,1
117436,1
117437,1
117438,1
117439,1
117440,1
117441,1
117442,1
117443,1
117444,1
117445,1
117446,1
117447,1
117448,1
117449,1
117450,1
117451,1
117452,1
117453,1
117454,1
117455,1
117456,1
117457,1
117458,1
117459,1
117460,1
117461,1
117462,1
117463,1
117464,1
117465,1
117466,1
117467,1
117468,1
117469,1
117470,1
117471,1
117472,1
117473,1
117474,1
117475,1
117476,1
117477,1
117478,1
117479,1
117480,1
117481,1
117482,1
117483,1
117484,1
117485,1
117486,1
117487,1
117488,1
117489,1
117490,1
117491,1
117492,1
117493,1
117494,1
117495,1
117496,1
117497,1
117498,1
117499,1
117500,1
117501,1
117502,1
117503,1
117504,1
117505,1
117506,1
117507,1
117508,1
117509,1
117510,1
117511,1
117512,1
117513,1
117514,1
117515,1
117516,1
117517,1
117518,1
117519,1
117520,1
117521,1
117522,1
117523,1
117524,1
117525,1
117526,1
117527,1
117528,1
117529,1
117530,1
117531,1
117532,1
117533,1
117534,1
117535,1
117536,1
117537,1
117538,1
117539,1
117540,1
117541,1
117542,1
117543,1
117544,1
117545,1
117546,1
117547,1
117548,1
117549,1
117550,1
117551,1
117552,1
117553,1
117554,1
117555,1
117556,1
117557,1
117558,1
117559,1
117560,1
117561,1
117562,1
117563,1
117564,1
117565,1
117566,1
117567,1
117568,1
117569,1
117570,1
117571,1
117572,1
117573,1
117574,1
117575,1
117576,1
117577,1
117578,1
117579,1
117580,1
117581,1
117582,1
117583,1
117584,1
117585,1
117586,1
117587,1
117588,1
117589,1
117590,1
117591,1
117592,1
117593,1
117594,1
117595,1
117596,1
117597,1
117598,1
117599,1
117600,1
117601,1
117602,1
117603,1
117604,1
117605,1
117606,1
117607,1
117608,1
117609,1
117610,1
117611,1
117612,1
117613,1
117614,1
117615,1
117616,1
117617,1
117618,1
117619,1
117620,1
117621,1
117622,1
117623,1
117624,1
117625,1
117626,1
117627,1
117628,1
117629,1
117630,1
117631,1
117632,1
117633,1
117634,1
117635,1
117636,1
117637,1
117638,1
117639,1
117640,1
117641,1
117642,1
117643,1
117644,1
117645,1
117646,1
117647,1
117648,1
117649,1
117650,1
117651,1
117652,1
117653,1
117654,1
117655,1
117656,1
117657,1
117658,1
117659,1
117660,1
117661,1
117662,1
117663,1
117664,1
117665,1
117666,1
117667,1
117668,1
117669,1
117670,1
117671,1
117672,1
117673,1
117674,1
117675,1
117676,1
117677,1
117678,1
117679,1
117680,1
117681,1
117682,1
117683,1
117684,1
117685,1
117686,1
117687,1
117688,1
117689,1
117690,1
117691,1
117692,1
117693,1
117694,1
117695,1
117696,1
117697,1
117698,1
117699,1
117700,1
117701,1
117702,1
117703,1
117704,1
117705,1
117706,1
117707,1
117708,1
117709,1
117710,1
117711,1
117712,1
117713,1
117714,1
117715,1
117716,1
117717,1
117718,1
117719,1
117720,1
117721,1
117722,1
117723,1
117724,1
117725,1
117726,1
117727,1
117728,1
117729,1
117730,1
117731,1
117732,1
117733,1
117734,1
117735,1
117736,1
117737,1
117738,1
117739,1
117740,1
117741,1
117742,1
117743,1
117744,1
117745,1
117746,1
117747,1
117748,1
117749,1
117750,1
117751,1
117752,1
117753,1
117754,1
117755,1
117756,1
117757,1
117758,1
117759,1
117760,1
117761,1
117762,1
117763,1
117764,1
117765,1
117766,1
117767,1
117768,1
117769,1
117770,1
117771,1
117772,1
117773,1
117774,1
117775,1
117776,1
117777,1
117778,1
117779,1
117780,1
117781,1
117782,1
117783,1
117784,1
117785,1
117786,1
117787,1
117788,1
117789,1
117790,1
117791,1
117792,1
117793,1
117794,1
117795,1
117796,1
117797,1
117798,1
117799,1
117800,1
117801,1
117802,1
117803,1
117804,1
117805,1
117806,1
117807,1
117808,1
117809,1
117810,1
117811,1
117812,1
117813,1
117814,1
117815,1
117816,1
117817,1
117818,1
117819,1
117820,1
117821,1
117822,1
117823,1
117824,1
117825,1
117826,1
117827,1
117828,1
117829,1
117830,1
117831,1
117832,1
117833,1
117834,1
117835,1
117836,1
117837,1
117838,1
117839,1
117840,1
117841,1
117842,1
117843,1
117844,1
117845,1
117846,1
117847,1
117848,1
117849,1
117850,1
117851,1
117852,1
117853,1
117854,1
117855,1
117856,1
117857,1
117858,1
117859,1
117860,1
117861,1
117862,1
117863,1
117864,1
117865,1
117866,1
117867,1
117868,1
117869,1
117870,1
117871,1
117872,1
117873,1
117874,1
117875,1
117876,1
117877,1
117878,1
117879,1
117880,1
117881,1
117882,1
117883,1
117884,1
117885,1
117886,1
117887,1
117888,1
117889,1
117890,1
117891,1
117892,1
117893,1
117894,1
117895,1
117896,1
117897,1
117898,1
117899,1
117900,1
117901,1
117902,1
117903,1
117904,1
117905,1
117906,1
117907,1
117908,1
117909,1
117910,1
117911,1
117912,1
117913,1
117914,1
117915,1
117916,1
117917,1
117918,1
117919,1
117920,1
117921,1
117922,1
117923,1
117924,1
117925,1
117926,1
117927,1
117928,1
117929,1
117930,1
117931,1
117932,1
117933,1
117934,1
117935,1
117936,1
117937,1
117938,1
117939,1
117940,1
117941,1
117942,1
117943,1
117944,1
117945,1
117946,1
117947,1
117948,1
117949,1
117950,1
117951,1
117952,1
117953,1
117954,1
117955,1
117956,1
117957,1
117958,1
117959,1
117960,1
117961,1
117962,1
117963,1
117964,1
117965,1
117966,1
117967,1
117968,1
117969,1
117970,1
117971,1
117972,1
117973,1
117974,1
117975,1
117976,1
117977,1
117978,1
117979,1
117980,1
117981,1
117982,1
117983,1
117984,1
117985,1
117986,1
117987,1
117988,1
117989,1
117990,1
117991,1
117992,1
117993,1
117994,1
117995,1
117996,1
117997,1
117998,1
117999,1
118000,1
118001,1
118002,1
118003,1
118004,1
118005,1
118006,1
118007,1
118008,1
118009,1
118010,1
118011,1
118012,1
118013,1
118014,1
118015,1
118016,1
118017,1
118018,1
118019,1
118020,1
118021,1
118022,1
118023,1
118024,1
118025,1
118026,1
118027,1
118028,1
118029,1
118030,1
118031,1
118032,1
118033,1
118034,1
118035,1
118036,1
118037,1
118038,1
118039,1
118040,1
118041,1
118042,1
118043,1
118044,1
118045,1
118046,1
118047,1
118048,1
118049,1
118050,1
118051,1
118052,1
118053,1
118054,1
118055,1
118056,1
118057,1
118058,1
118059,1
118060,1
118061,1
118062,1
118063,1
118064,1
118065,1
118066,1
118067,1
118068,1
118069,1
118070,1
118071,1
118072,1
118073,1
118074,1
118075,1
118076,1
118077,1
118078,1
118079,1
118080,1
118081,1
118082,1
118083,1
118084,1
118085,1
118086,1
118087,1
118088,1
118089,1
118090,1
118091,1
118092,1
118093,1
118094,1
118095,1
118096,1
118097,1
118098,1
118099,1
118100,1
118101,1
118102,1
118103,1
118104,1
118105,1
118106,1
118107,1
118108,1
118109,1
118110,1
118111,1
118112,1
118113,1
118114,1
118115,1
118116,1
118117,1
118118,1
118119,1
118120,1
118121,1
118122,1
118123,1
118124,1
118125,1
118126,1
118127,1
118128,1
118129,1
118130,1
118131,1
118132,1
118133,1
118134,1
118135,1
118136,1
118137,1
118138,1
118139,1
118140,1
118141,1
118142,1
118143,1
118144,1
118145,1
118146,1
118147,1
118148,1
118149,1
118150,1
118151,1
118152,1
118153,1
118154,1
118155,1
118156,1
118157,1
118158,1
118159,1
118160,1
118161,1
118162,1
118163,1
118164,1
118165,1
118166,1
118167,1
118168,1
118169,1
118170,1
118171,1
118172,1
118173,1
118174,1
118175,1
118176,1
118177,1
118178,1
118179,1
118180,1
118181,1
118182,1
118183,1
118184,1
118185,1
118186,1
118187,1
118188,1
118189,1
118190,1
118191,1
118192,1
118193,1
118194,1
118195,1
118196,1
118197,1
118198,1
118199,1
118200,1
118201,1
118202,1
118203,1
118204,1
118205,1
118206,1
118207,1
118208,1
118209,1
118210,1
118211,1
118212,1
118213,1
118214,1
118215,1
118216,1
118217,1
118218,1
118219,1
118220,1
118221,1
118222,1
118223,1
118224,1
118225,1
118226,1
118227,1
118228,1
118229,1
118230,1
118231,1
118232,1
118233,1
118234,1
118235,1
118236,1
118237,1
118238,1
118239,1
118240,1
118241,1
118242,1
118243,1
118244,1
118245,1
118246,1
118247,1
118248,1
118249,1
118250,1
118251,1
118252,1
118253,1
118254,1
118255,1
118256,1
118257,1
118258,1
118259,1
118260,1
118261,1
118262,1
118263,1
118264,1
118265,1
118266,1
118267,1
118268,1
118269,1
118270,1
118271,1
118272,1
118273,1
118274,1
118275,1
118276,1
118277,1
118278,1
118279,1
118280,1
118281,1
118282,1
118283,1
118284,1
118285,1
118286,1
118287,1
118288,1
118289,1
118290,1
118291,1
118292,1
118293,1
118294,1
118295,1
118296,1
118297,1
118298,1
118299,1
118300,1
118301,1
118302,1
118303,1
118304,1
118305,1
118306,1
118307,1
118308,1
118309,1
118310,1
118311,1
118312,1
118313,1
118314,1
118315,1
118316,1
118317,1
118318,1
118319,1
118320,1
118321,1
118322,1
118323,1
118324,1
118325,1
118326,1
118327,1
118328,1
118329,1
118330,1
118331,1
118332,1
118333,1
118334,1
118335,1
118336,1
118337,1
118338,1
118339,1
118340,1
118341,1
118342,1
118343,1
118344,1
118345,1
118346,1
118347,1
118348,1
118349,1
118350,1
118351,1
118352,1
118353,1
118354,1
118355,1
118356,1
118357,1
118358,1
118359,1
118360,1
118361,1
118362,1
118363,1
118364,1
118365,1
118366,1
118367,1
118368,1
118369,1
118370,1
118371,1
118372,1
118373,1
118374,1
118375,1
118376,1
118377,1
118378,1
118379,1
118380,1
118381,1
118382,1
118383,1
118384,1
118385,1
118386,1
118387,1
118388,1
118389,1
118390,1
118391,1
118392,1
118393,1
118394,1
118395,1
118396,1
118397,1
118398,1
118399,1
118400,1
118401,1
118402,1
118403,1
118404,1
118405,1
118406,1
118407,1
118408,1
118409,1
118410,1
118411,1
118412,1
118413,1
118414,1
118415,1
118416,1
118417,1
118418,1
118419,1
118420,1
118421,1
118422,1
118423,1
118424,1
118425,1
118426,1
118427,1
118428,1
118429,1
118430,1
118431,1
118432,1
118433,1
118434,1
118435,1
118436,1
118437,1
118438,1
118439,1
118440,1
118441,1
118442,1
118443,1
118444,1
118445,1
118446,1
118447,1
118448,1
118449,1
118450,1
118451,1
118452,1
118453,1
118454,1
118455,1
118456,1
118457,1
118458,1
118459,1
118460,1
118461,1
118462,1
118463,1
118464,1
118465,1
118466,1
118467,1
118468,1
118469,1
118470,1
118471,1
118472,1
118473,1
118474,1
118475,1
118476,1
118477,1
118478,1
118479,1
118480,1
118481,1
118482,1
118483,1
118484,1
118485,1
118486,1
118487,1
118488,1
118489,1
118490,1
118491,1
118492,1
118493,1
118494,1
118495,1
118496,1
118497,1
118498,1
118499,1
118500,1
118501,1
118502,1
118503,1
118504,1
118505,1
118506,1
118507,1
118508,1
118509,1
118510,1
118511,1
118512,1
118513,1
118514,1
118515,1
118516,1
118517,1
118518,1
118519,1
118520,1
118521,1
118522,1
118523,1
118524,1
118525,1
118526,1
118527,1
118528,1
118529,1
118530,1
118531,1
118532,1
118533,1
118534,1
118535,1
118536,1
118537,1
118538,1
118539,1
118540,1
118541,1
118542,1
118543,1
118544,1
118545,1
118546,1
118547,1
118548,1
118549,1
118550,1
118551,1
118552,1
118553,1
118554,1
118555,1
118556,1
118557,1
118558,1
118559,1
118560,1
118561,1
118562,1
118563,1
118564,1
118565,1
118566,1
118567,1
118568,1
118569,1
118570,1
118571,1
118572,1
118573,1
118574,1
118575,1
118576,1
118577,1
118578,1
118579,1
118580,1
118581,1
118582,1
118583,1
118584,1
118585,1
118586,1
118587,1
118588,1
118589,1
118590,1
118591,1
118592,1
118593,1
118594,1
118595,1
118596,1
118597,1
118598,1
118599,1
118600,1
118601,1
118602,1
118603,1
118604,1
118605,1
118606,1
118607,1
118608,1
118609,1
118610,1
118611,1
118612,1
118613,1
118614,1
118615,1
118616,1
118617,1
118618,1
118619,1
118620,1
118621,1
118622,1
118623,1
118624,1
118625,1
118626,1
118627,1
118628,1
118629,1
118630,1
118631,1
118632,1
118633,1
118634,1
118635,1
118636,1
118637,1
118638,1
118639,1
118640,1
118641,1
118642,1
118643,1
118644,1
118645,1
118646,1
118647,1
118648,1
118649,1
118650,1
118651,1
118652,1
118653,1
118654,1
118655,1
118656,1
118657,1
118658,1
118659,1
118660,1
118661,1
118662,1
118663,1
118664,1
118665,1
118666,1
118667,1
118668,1
118669,1
118670,1
118671,1
118672,1
118673,1
118674,1
118675,1
118676,1
118677,1
118678,1
118679,1
118680,1
118681,1
118682,1
118683,1
118684,1
118685,1
118686,1
118687,1
118688,1
118689,1
118690,1
118691,1
118692,1
118693,1
118694,1
118695,1
118696,1
118697,1
118698,1
118699,1
118700,1
118701,1
118702,1
118703,1
118704,1
118705,1
118706,1
118707,1
118708,1
118709,1
118710,1
118711,1
118712,1
118713,1
118714,1
118715,1
118716,1
118717,1
118718,1
118719,1
118720,1
118721,1
118722,1
118723,1
118724,1
118725,1
118726,1
118727,1
118728,1
118729,1
118730,1
118731,1
118732,1
118733,1
118734,1
118735,1
118736,1
118737,1
118738,1
118739,1
118740,1
118741,1
118742,1
118743,1
118744,1
118745,1
118746,1
118747,1
118748,1
118749,1
118750,1
118751,1
118752,1
118753,1
118754,1
118755,1
118756,1
118757,1
118758,1
118759,1
118760,1
118761,1
118762,1
118763,1
118764,1
118765,1
118766,1
118767,1
118768,1
118769,1
118770,1
118771,1
118772,1
118773,1
118774,1
118775,1
118776,1
118777,1
118778,1
118779,1
118780,1
118781,1
118782,1
118783,1
118784,1
118785,1
118786,1
118787,1
118788,1
118789,1
118790,1
118791,1
118792,1
118793,1
118794,1
118795,1
118796,1
118797,1
118798,1
118799,1
118800,1
118801,1
118802,1
118803,1
118804,1
118805,1
118806,1
118807,1
118808,1
118809,1
118810,1
118811,1
118812,1
118813,1
118814,1
118815,1
118816,1
118817,1
118818,1
118819,1
118820,1
118821,1
118822,1
118823,1
118824,1
118825,1
118826,1
118827,1
118828,1
118829,1
118830,1
118831,1
118832,1
118833,1
118834,1
118835,1
118836,1
118837,1
118838,1
118839,1
118840,1
118841,1
118842,1
118843,1
118844,1
118845,1
118846,1
118847,1
118848,1
118849,1
118850,1
118851,1
118852,1
118853,1
118854,1
118855,1
118856,1
118857,1
118858,1
118859,1
118860,1
118861,1
118862,1
118863,1
118864,1
118865,1
118866,1
118867,1
118868,1
118869,1
118870,1
118871,1
118872,1
118873,1
118874,1
118875,1
118876,1
118877,1
118878,1
118879,1
118880,1
118881,1
118882,1
118883,1
118884,1
118885,1
118886,1
118887,1
118888,1
118889,1
118890,1
118891,1
118892,1
118893,1
118894,1
118895,1
118896,1
118897,1
118898,1
118899,1
118900,1
118901,1
118902,1
118903,1
118904,1
118905,1
118906,1
118907,1
118908,1
118909,1
118910,1
118911,1
118912,1
118913,1
118914,1
118915,1
118916,1
118917,1
118918,1
118919,1
118920,1
118921,1
118922,1
118923,1
118924,1
118925,1
118926,1
118927,1
118928,1
118929,1
118930,1
118931,1
118932,1
118933,1
118934,1
118935,1
118936,1
118937,1
118938,1
118939,1
118940,1
118941,1
118942,1
118943,1
118944,1
118945,1
118946,1
118947,1
118948,1
118949,1
118950,1
118951,1
118952,1
118953,1
118954,1
118955,1
118956,1
118957,1
118958,1
118959,1
118960,1
118961,1
118962,1
118963,1
118964,1
118965,1
118966,1
118967,1
118968,1
118969,1
118970,1
118971,1
118972,1
118973,1
118974,1
118975,1
118976,1
118977,1
118978,1
118979,1
118980,1
118981,1
118982,1
118983,1
118984,1
118985,1
118986,1
118987,1
118988,1
118989,1
118990,1
118991,1
118992,1
118993,1
118994,1
118995,1
118996,1
118997,1
118998,1
118999,1
119000,1
119001,1
119002,1
119003,1
119004,1
119005,1
119006,1
119007,1
119008,1
119009,1
119010,1
119011,1
119012,1
119013,1
119014,1
119015,1
119016,1
119017,1
119018,1
119019,1
119020,1
119021,1
119022,1
119023,1
119024,1
119025,1
119026,1
119027,1
119028,1
119029,1
119030,1
119031,1
119032,1
119033,1
119034,1
119035,1
119036,1
119037,1
119038,1
119039,1
119040,1
119041,1
119042,1
119043,1
119044,1
119045,1
119046,1
119047,1
119048,1
119049,1
119050,1
119051,1
119052,1
119053,1
119054,1
119055,1
119056,1
119057,1
119058,1
119059,1
119060,1
119061,1
119062,1
119063,1
119064,1
119065,1
119066,1
119067,1
119068,1
119069,1
119070,1
119071,1
119072,1
119073,1
119074,1
119075,1
119076,1
119077,1
119078,1
119079,1
119080,1
119081,1
119082,1
119083,1
119084,1
119085,1
119086,1
119087,1
119088,1
119089,1
119090,1
119091,1
119092,1
119093,1
119094,1
119095,1
119096,1
119097,1
119098,1
119099,1
119100,1
119101,1
119102,1
119103,1
119104,1
119105,1
119106,1
119107,1
119108,1
119109,1
119110,1
119111,1
119112,1
119113,1
119114,1
119115,1
119116,1
119117,1
119118,1
119119,1
119120,1
119121,1
119122,1
119123,1
119124,1
119125,1
119126,1
119127,1
119128,1
119129,1
119130,1
119131,1
119132,1
119133,1
119134,1
119135,1
119136,1
119137,1
119138,1
119139,1
119140,1
119141,1
119142,1
119143,1
119144,1
119145,1
119146,1
119147,1
119148,1
119149,1
119150,1
119151,1
119152,1
119153,1
119154,1
119155,1
119156,1
119157,1
119158,1
119159,1
119160,1
119161,1
119162,1
119163,1
119164,1
119165,1
119166,1
119167,1
119168,1
119169,1
119170,1
119171,1
119172,1
119173,1
119174,1
119175,1
119176,1
119177,1
119178,1
119179,1
119180,1
119181,1
119182,1
119183,1
119184,1
119185,1
119186,1
119187,1
119188,1
119189,1
119190,1
119191,1
119192,1
119193,1
119194,1
119195,1
119196,1
119197,1
119198,1
119199,1
119200,1
119201,1
119202,1
119203,1
119204,1
119205,1
119206,1
119207,1
119208,1
119209,1
119210,1
119211,1
119212,1
119213,1
119214,1
119215,1
119216,1
119217,1
119218,1
119219,1
119220,1
119221,1
119222,1
119223,1
119224,1
119225,1
119226,1
119227,1
119228,1
119229,1
119230,1
119231,1
119232,1
119233,1
119234,1
119235,1
119236,1
119237,1
119238,1
119239,1
119240,1
119241,1
119242,1
119243,1
119244,1
119245,1
119246,1
119247,1
119248,1
119249,1
119250,1
119251,1
119252,1
119253,1
119254,1
119255,1
119256,1
119257,1
119258,1
119259,1
119260,1
119261,1
119262,1
119263,1
119264,1
119265,1
119266,1
119267,1
119268,1
119269,1
119270,1
119271,1
119272,1
119273,1
119274,1
119275,1
119276,1
119277,1
119278,1
119279,1
119280,1
119281,1
119282,1
119283,1
119284,1
119285,1
119286,1
119287,1
119288,1
119289,1
119290,1
119291,1
119292,1
119293,1
119294,1
119295,1
119296,1
119297,1
119298,1
119299,1
119300,1
119301,1
119302,1
119303,1
119304,1
119305,1
119306,1
119307,1
119308,1
119309,1
119310,1
119311,1
119312,1
119313,1
119314,1
119315,1
119316,1
119317,1
119318,1
119319,1
119320,1
119321,1
119322,1
119323,1
119324,1
119325,1
119326,1
119327,1
119328,1
119329,1
119330,1
119331,1
119332,1
119333,1
119334,1
119335,1
119336,1
119337,1
119338,1
119339,1
119340,1
119341,1
119342,1
119343,1
119344,1
119345,1
119346,1
119347,1
119348,1
119349,1
119350,1
119351,1
119352,1
119353,1
119354,1
119355,1
119356,1
119357,1
119358,1
119359,1
119360,1
119361,1
119362,1
119363,1
119364,1
119365,1
119366,1
119367,1
119368,1
119369,1
119370,1
119371,1
119372,1
119373,1
119374,1
119375,1
119376,1
119377,1
119378,1
119379,1
119380,1
119381,1
119382,1
119383,1
119384,1
119385,1
119386,1
119387,1
119388,1
119389,1
119390,1
119391,1
119392,1
119393,1
119394,1
119395,1
119396,1
119397,1
119398,1
119399,1
119400,1
119401,1
119402,1
119403,1
119404,1
119405,1
119406,1
119407,1
119408,1
119409,1
119410,1
119411,1
119412,1
119413,1
119414,1
119415,1
119416,1
119417,1
119418,1
119419,1
119420,1
119421,1
119422,1
119423,1
119424,1
119425,1
119426,1
119427,1
119428,1
119429,1
119430,1
119431,1
119432,1
119433,1
119434,1
119435,1
119436,1
119437,1
119438,1
119439,1
119440,1
119441,1
119442,1
119443,1
119444,1
119445,1
119446,1
119447,1
119448,1
119449,1
119450,1
119451,1
119452,1
119453,1
119454,1
119455,1
119456,1
119457,1
119458,1
119459,1
119460,1
119461,1
119462,1
119463,1
119464,1
119465,1
119466,1
119467,1
119468,1
119469,1
119470,1
119471,1
119472,1
119473,1
119474,1
119475,1
119476,1
119477,1
119478,1
119479,1
119480,1
119481,1
119482,1
119483,1
119484,1
119485,1
119486,1
119487,1
119488,1
119489,1
119490,1
119491,1
119492,1
119493,1
119494,1
119495,1
119496,1
119497,1
119498,1
119499,1
119500,1
119501,1
119502,1
119503,1
119504,1
119505,1
119506,1
119507,1
119508,1
119509,1
119510,1
119511,1
119512,1
119513,1
119514,1
119515,1
119516,1
119517,1
119518,1
119519,1
119520,1
119521,1
119522,1
119523,1
119524,1
119525,1
119526,1
119527,1
119528,1
119529,1
119530,1
119531,1
119532,1
119533,1
119534,1
119535,1
119536,1
119537,1
119538,1
119539,1
119540,1
119541,1
119542,1
119543,1
119544,1
119545,1
119546,1
119547,1
119548,1
119549,1
119550,1
119551,1
119552,1
119553,1
119554,1
119555,1
119556,1
119557,1
119558,1
119559,1
119560,1
119561,1
119562,1
119563,1
119564,1
119565,1
119566,1
119567,1
119568,1
119569,1
119570,1
119571,1
119572,1
119573,1
119574,1
119575,1
119576,1
119577,1
119578,1
119579,1
119580,1
119581,1
119582,1
119583,1
119584,1
119585,1
119586,1
119587,1
119588,1
119589,1
119590,1
119591,1
119592,1
119593,1
119594,1
119595,1
119596,1
119597,1
119598,1
119599,1
119600,1
119601,1
119602,1
119603,1
119604,1
119605,1
119606,1
119607,1
119608,1
119609,1
119610,1
119611,1
119612,1
119613,1
119614,1
119615,1
119616,1
119617,1
119618,1
119619,1
119620,1
119621,1
119622,1
119623,1
119624,1
119625,1
119626,1
119627,1
119628,1
119629,1
119630,1
119631,1
119632,1
119633,1
119634,1
119635,1
119636,1
119637,1
119638,1
119639,1
119640,1
119641,1
119642,1
119643,1
119644,1
119645,1
119646,1
119647,1
119648,1
119649,1
119650,1
119651,1
119652,1
119653,1
119654,1
119655,1
119656,1
119657,1
119658,1
119659,1
119660,1
119661,1
119662,1
119663,1
119664,1
119665,1
119666,1
119667,1
119668,1
119669,1
119670,1
119671,1
119672,1
119673,1
119674,1
119675,1
119676,1
119677,1
119678,1
119679,1
119680,1
119681,1
119682,1
119683,1
119684,1
119685,1
119686,1
119687,1
119688,1
119689,1
119690,1
119691,1
119692,1
119693,1
119694,1
119695,1
119696,1
119697,1
119698,1
119699,1
119700,1
119701,1
119702,1
119703,1
119704,1
119705,1
119706,1
119707,1
119708,1
119709,1
119710,1
119711,1
119712,1
119713,1
119714,1
119715,1
119716,1
119717,1
119718,1
119719,1
119720,1
119721,1
119722,1
119723,1
119724,1
119725,1
119726,1
119727,1
119728,1
119729,1
119730,1
119731,1
119732,1
119733,1
119734,1
119735,1
119736,1
119737,1
119738,1
119739,1
119740,1
119741,1
119742,1
119743,1
119744,1
119745,1
119746,1
119747,1
119748,1
119749,1
119750,1
119751,1
119752,1
119753,1
119754,1
119755,1
119756,1
119757,1
119758,1
119759,1
119760,1
119761,1
119762,1
119763,1
119764,1
119765,1
119766,1
119767,1
119768,1
119769,1
119770,1
119771,1
119772,1
119773,1
119774,1
119775,1
119776,1
119777,1
119778,1
119779,1
119780,1
119781,1
119782,1
119783,1
119784,1
119785,1
119786,1
119787,1
119788,1
119789,1
119790,1
119791,1
119792,1
119793,1
119794,1
119795,1
119796,1
119797,1
119798,1
119799,1
119800,1
119801,1
119802,1
119803,1
119804,1
119805,1
119806,1
119807,1
119808,1
119809,1
119810,1
119811,1
119812,1
119813,1
119814,1
119815,1
119816,1
119817,1
119818,1
119819,1
119820,1
119821,1
119822,1
119823,1
119824,1
119825,1
119826,1
119827,1
119828,1
119829,1
119830,1
119831,1
119832,1
119833,1
119834,1
119835,1
119836,1
119837,1
119838,1
119839,1
119840,1
119841,1
119842,1
119843,1
119844,1
119845,1
119846,1
119847,1
119848,1
119849,1
119850,1
119851,1
119852,1
119853,1
119854,1
119855,1
119856,1
119857,1
119858,1
119859,1
119860,1
119861,1
119862,1
119863,1
119864,1
119865,1
119866,1
119867,1
119868,1
119869,1
119870,1
119871,1
119872,1
119873,1
119874,1
119875,1
119876,1
119877,1
119878,1
119879,1
119880,1
119881,1
119882,1
119883,1
119884,1
119885,1
119886,1
119887,1
119888,1
119889,1
119890,1
119891,1
119892,1
119893,1
119894,1
119895,1
119896,1
119897,1
119898,1
119899,1
119900,1
119901,1
119902,1
119903,1
119904,1
119905,1
119906,1
119907,1
119908,1
119909,1
119910,1
119911,1
119912,1
119913,1
119914,1
119915,1
119916,1
119917,1
119918,1
119919,1
119920,1
119921,1
119922,1
119923,1
119924,1
119925,1
119926,1
119927,1
119928,1
119929,1
119930,1
119931,1
119932,1
119933,1
119934,1
119935,1
119936,1
119937,1
119938,1
119939,1
119940,1
119941,1
119942,1
119943,1
119944,1
119945,1
119946,1
119947,1
119948,1
119949,1
119950,1
119951,1
119952,1
119953,1
119954,1
119955,1
119956,1
119957,1
119958,1
119959,1
119960,1
119961,1
119962,1
119963,1
119964,1
119965,1
119966,1
119967,1
119968,1
119969,1
119970,1
119971,1
119972,1
119973,1
119974,1
119975,1
119976,1
119977,1
119978,1
119979,1
119980,1
119981,1
119982,1
119983,1
119984,1
119985,1
119986,1
119987,1
119988,1
119989,1
119990,1
119991,1
119992,1
119993,1
119994,1
119995,1
119996,1
119997,1
119998,1
119999,1
